label,I1,I2,I3,I4,I5,I6,I7,I8,I9,I10,I11,I12,I13,C1,C2,C3,C4,C5,C6,C7,C8,C9,C10,C11,C12,C13,C14,C15,C16,C17,C18,C19,C20,C21,C22,C23,C24,C25,C26
0,0.0,0,104.0,27.0,1990.0,142.0,4.0,32.0,37.0,0.0,1.0,,27.0,05db9164,207b2d81,5d076085,862b5ba0,25c83c98,fbad5c96,17c22666,0b153874,a73ee510,534fc986,feb49a68,f24b551c,8978af5c,64c94865,32ec6582,b6d021e8,e5ba7672,25c88e42,21ddcdc9,b1252a9d,0e8585d2,,32c7478e,0d4a6d1a,001f3601,92c878de
0,0.0,-1,63.0,40.0,1470.0,61.0,4.0,37.0,46.0,0.0,1.0,,40.0,68fd1e64,207b2d81,9dd3c4fc,a09fab49,25c83c98,,271190b7,5b392875,a73ee510,49d5fa15,26a64614,3c5900b5,51351dd6,b28479f6,c38116c9,0decd005,e5ba7672,d3303ea5,21ddcdc9,b1252a9d,7633c7c8,,32c7478e,17f458f7,001f3601,71236095
0,0.0,370,4.0,1.0,1787.0,65.0,14.0,25.0,489.0,0.0,7.0,,25.0,05db9164,2a69d406,fcae8bfa,13508380,25c83c98,,cd846c62,0b153874,a73ee510,3b08e48b,0ec1e215,18917580,44af41ef,07d13a8f,3b2d8705,51b69881,3486227d,642f2610,55dd3565,b1252a9d,5c8dc711,,423fab69,45ab94c8,2bf691b1,c84c4aec
1,19.0,10,30.0,10.0,1.0,3.0,33.0,47.0,126.0,3.0,5.0,,2.0,05db9164,403ea497,2cbec47f,3e2bfbda,30903e74,,7227c706,0b153874,a73ee510,5fcee6b1,9625b211,21a23bfe,dccbd94b,b28479f6,91f74a64,587267a3,e5ba7672,a78bd508,21ddcdc9,5840adea,c2a93b37,,32c7478e,1793a828,e8b83407,2fede552
0,0.0,0,36.0,22.0,4684.0,217.0,9.0,35.0,135.0,0.0,1.0,0.0,43.0,8cf07265,0aadb108,c798ded6,91e6318a,25c83c98,fe6b92e5,2aef1419,0b153874,a73ee510,3b08e48b,d027c970,1b2022a0,00e20e7b,1adce6ef,2de5271c,b74e1eb0,e5ba7672,7ce63c71,,,af5dc647,,dbb486d7,1793a828,,
0,2.0,11,8.0,23.0,30.0,11.0,2.0,8.0,23.0,1.0,1.0,,11.0,05db9164,58e67aaf,ea997bbe,72bea89f,384874ce,7e0ccccf,5b18f3d9,0b153874,a73ee510,012f45e7,720446f5,33ec1af8,034e5f3b,051219e6,d83fb924,4558136f,07c540c4,c21c3e4c,21ddcdc9,a458ea53,31c8e642,,c7dc6720,3e983c86,9b3e8820,d597922b
0,2.0,1,190.0,25.0,8.0,26.0,2.0,27.0,25.0,1.0,1.0,,25.0,05db9164,e77e5e6e,c23785fe,67dd8a70,25c83c98,7e0ccccf,0c41b6a1,37e4aa92,a73ee510,78d5c363,4ba74619,d8acd6f9,879fa878,07d13a8f,2eb18840,df604f5b,e5ba7672,449d6705,6f3756eb,5840adea,07b6c66f,,423fab69,246f2e7f,e8b83407,350a6bdb
0,,2,2.0,1.0,5533.0,1.0,41.0,1.0,33.0,,5.0,0.0,1.0,05db9164,d7988e72,25111132,d13862c2,25c83c98,6f6d9be8,84c427f0,5b392875,a73ee510,00f2b452,41b3f655,7c5cd1c7,ce5114a2,64c94865,846fb5bd,696fb81d,e5ba7672,0f2f9850,b6baba3f,a458ea53,06e40c52,8ec974f4,32c7478e,3fdb382b,e8b83407,49d68486
0,0.0,5,,,18424.0,461.0,23.0,4.0,231.0,0.0,2.0,,,05db9164,ed7b1c58,b063fe4e,4b972461,25c83c98,7e0ccccf,afa309bd,5b392875,a73ee510,23de5a4a,77212bd7,8cdc4941,7203f04e,b28479f6,298421a5,3084c78b,e5ba7672,8814ed47,,,514b7308,,c7dc6720,2fd70e1c,,
0,8.0,-1,,,732.0,2.0,22.0,2.0,2.0,1.0,4.0,,,68fd1e64,38a947a1,,,25c83c98,7e0ccccf,1c86e0eb,0b153874,a73ee510,e8f7c7e8,755e4a50,,5978055e,b28479f6,7ba31d46,,e5ba7672,9b82aca5,,,,,32c7478e,,,
1,0.0,0,24.0,36.0,5022.0,436.0,25.0,32.0,192.0,0.0,9.0,0.0,36.0,5bfa8ab5,84b4e42f,45f68c2a,39547932,384874ce,fbad5c96,85e1a170,0b153874,a73ee510,2bf8bed1,a4ea009a,78a16776,1e9339bc,91233270,cdb87fb5,e15ad623,8efede7f,67bd0ece,,,78c1dd4b,,c7dc6720,4f7b7578,,
0,,82,20.0,4.0,507333.0,,0.0,4.0,4.0,,0.0,,4.0,05db9164,38d50e09,5d0ec1e8,e63708e9,25c83c98,fbad5c96,bc324536,0b153874,7cc72ec2,f6540b40,2bcfb78f,506bb280,e6fc496d,07d13a8f,ee569ce2,81db2bec,e5ba7672,582152eb,21ddcdc9,5840adea,4a8f0a7f,c9d4222a,32c7478e,1989e165,001f3601,09929967
0,,24,3.0,2.0,10195.0,,0.0,32.0,55.0,,0.0,,2.0,5a9ed9b0,68b3edbf,b00d1501,d16679b9,4cf72387,7e0ccccf,36b796aa,0b153874,a73ee510,8b7e0638,7373475d,e0d76380,cfbfce5c,b28479f6,f511c49f,1203a270,e5ba7672,752d8b8a,,,73d06dde,,3a171ecb,aee52b6f,,
0,,105,4.0,1.0,2200.0,,0.0,1.0,1.0,,0.0,,1.0,05db9164,38d50e09,fc1cad4b,40ed41e5,25c83c98,7e0ccccf,88afd773,51d76abe,a73ee510,3b08e48b,c6cb726f,153ff04a,176d07bc,b28479f6,42b3012c,1bf03082,776ce399,582152eb,21ddcdc9,5840adea,84ec2c79,,be7c41b4,a415643d,001f3601,c4304c4b
1,5.0,85,52.0,6.0,36.0,36.0,30.0,24.0,281.0,1.0,5.0,2.0,6.0,9a89b36c,1cfdf714,9d427ddf,4eadb673,25c83c98,7e0ccccf,2555b4d9,0b153874,a73ee510,4c89c3af,0e4ebdac,cf724373,779f824b,07d13a8f,f775a6d5,6512dce6,8efede7f,e88ffc9d,21ddcdc9,b1252a9d,361a1080,,423fab69,3fdb382b,cb079c2d,49d68486
0,2.0,3,4.0,1.0,4.0,1.0,2.0,1.0,1.0,1.0,1.0,,1.0,68fd1e64,2eb7b10e,378112d3,684abf7b,25c83c98,fbad5c96,0d15142a,5b392875,a73ee510,ac473633,df7e8e0b,38176faa,84c02464,1adce6ef,0816fba2,f2c6a810,07c540c4,21eb63af,,,8b7fb864,,423fab69,45b2acf4,,
0,,1,5.0,36.0,239721.0,,0.0,0.0,123.0,,0.0,,62.0,8cf07265,4f25e98b,a68b0bcf,c194aaab,25c83c98,fbad5c96,a2f7459e,0b153874,7cc72ec2,b393caa5,15eced00,ab1307ec,bd251a95,64c94865,40e29d2a,65a31309,e5ba7672,7ef5affa,738584ec,a458ea53,fca82615,,32c7478e,74f7ceeb,9d93af03,d14e41ff
0,,4,,,1572.0,,0.0,17.0,55.0,,0.0,,,05db9164,8947f767,6bbe880c,feb6eb1a,4cf72387,7e0ccccf,3babeb61,0b153874,a73ee510,3b08e48b,565788d0,d06dc48e,8e7ad399,1adce6ef,ba8b8b16,30e6420c,776ce399,bd17c3da,ba92e49d,b1252a9d,65f3080f,,be7c41b4,42a310e6,010f6491,0eabc199
0,0.0,0,,,1464.0,4.0,5.0,3.0,4.0,0.0,1.0,,,68fd1e64,38a947a1,dd8e6407,db4eb846,25c83c98,13718bbd,963d99df,062b5529,a73ee510,3b08e48b,bffe9c30,eb43b195,e62d6c68,07d13a8f,3d2c6113,de815c2d,776ce399,d3c7daaa,,,5def73cb,,32c7478e,aa5529de,,
1,0.0,43,2.0,3.0,1700.0,21.0,6.0,10.0,21.0,0.0,1.0,,7.0,5a9ed9b0,46bbf321,c5d94b65,5cc8f91d,25c83c98,7e0ccccf,4157815a,1f89b562,a73ee510,4e979b5e,7056d78a,75c79158,08775c1b,e8dce07a,80d1ee72,208d4baf,e5ba7672,906ff5cb,,,6a909d9a,,3a171ecb,1f68c81f,,
0,0.0,1,2.0,1.0,2939.0,39.0,17.0,3.0,437.0,0.0,7.0,,1.0,68fd1e64,38a947a1,98351ee6,811ce8e8,25c83c98,fbad5c96,4a6c02fb,37e4aa92,a73ee510,3b08e48b,0cb221d0,617c70e9,ea18ebd8,07d13a8f,31b59ad3,121f63c9,e5ba7672,065917ca,,,c3739d01,,423fab69,d4af2638,,
1,9.0,1,2.0,5.0,18.0,5.0,9.0,5.0,5.0,1.0,1.0,0.0,5.0,5a9ed9b0,9819deea,6813d33b,f922efad,25c83c98,fbad5c96,34cbc0af,0b153874,a73ee510,bac95df6,88196a93,b99ddbc8,1211c647,b28479f6,1150f5ed,87acb535,07c540c4,7e32f7a4,,,a4b7004c,,32c7478e,b34f3128,,
0,,1,2.0,16.0,14404.0,79.0,2.0,16.0,103.0,,1.0,,16.0,05db9164,38a947a1,5492524f,ae59cd56,25c83c98,7e0ccccf,7925e09b,5b392875,7cc72ec2,56c80038,1cba690a,e00462bb,1d0f2da8,64c94865,51c5d5ca,ebbb82d7,07c540c4,be5810bd,,,bd1f6272,c9d4222a,32c7478e,043a382b,,
0,0.0,26,7.0,1.0,3412.0,104.0,10.0,2.0,6.0,0.0,1.0,1.0,1.0,05db9164,287130e0,5e25fa67,dd47ba3b,25c83c98,13718bbd,412cb2ce,0b153874,a73ee510,3b08e48b,b9ec9192,8ebd48c3,df5886ca,07d13a8f,10040656,e05d680b,3486227d,891589e7,ff6cdd42,a458ea53,a2b7caec,,c7dc6720,1481ceb4,e8b83407,988b0775
0,8.0,-1,60.0,11.0,11.0,7.0,9.0,30.0,39.0,1.0,2.0,,7.0,2d4ea12b,d97d4ce8,c725873a,d0189e5a,25c83c98,fe6b92e5,07d75b52,1f89b562,a73ee510,4f1c6ae7,a2c1d2d9,49fee879,ea31804b,1adce6ef,46218630,3b87fa92,e5ba7672,fb342121,7be4df37,5840adea,d90f665b,,32c7478e,6c1cdd05,ea9a246c,1219b447
0,,1,13.0,1.0,3150.0,163.0,1.0,1.0,32.0,,1.0,,1.0,39af2607,c44e8a72,3f7f3d24,8eb89744,4cf72387,7e0ccccf,86651165,0b153874,a73ee510,3b08e48b,39dd23e7,538a49e7,0159bf9f,b28479f6,1addf65e,0596b5be,07c540c4,456d734d,af1445c4,a458ea53,cf79f8fa,c9d4222a,3a171ecb,d5b4ea7d,010f6491,deffd9e3
0,1.0,302,71.0,3.0,270.0,19.0,1.0,6.0,19.0,1.0,1.0,,19.0,68fd1e64,876465ad,da89f77a,37ee624b,43b19349,fe6b92e5,2b3ce8b7,5b392875,a73ee510,8a99abc1,4352b29b,8065cc64,5f4de855,b28479f6,9c382f7a,a14df6f7,d4bb7bd8,08154af3,21ddcdc9,5840adea,e7f0c6dc,,bcdee96c,3e30919e,f55c04b6,2fede552
1,1.0,0,1.0,0.0,2.0,0.0,4.0,0.0,0.0,1.0,2.0,,0.0,241546e0,6887a43c,9b792af9,9c6d05a0,25c83c98,6f6d9be8,adbcc874,0b153874,a73ee510,fbbf2c95,46031dab,6532318c,377af8aa,1adce6ef,ef6b7bdf,2c9d222f,e5ba7672,8f0f692f,21ddcdc9,a458ea53,cc6a9262,,32c7478e,a5862ce8,445bbe3b,b6a3490e
0,11.0,251,9.0,5.0,21.0,6.0,34.0,5.0,5.0,1.0,4.0,,5.0,05db9164,4322636e,e007dfac,77b99936,4ea20c7d,fe6b92e5,2be44e4e,25239412,a73ee510,18e09007,364e8b48,9c841b74,34cbb1bc,07d13a8f,14674f9b,9b3f7aa2,e5ba7672,9d3171e9,21ddcdc9,a458ea53,61b4555a,ad3062eb,32c7478e,38b97a31,ea9a246c,074bb89f
1,10.0,1,4.0,4.0,1.0,0.0,10.0,4.0,4.0,1.0,1.0,,0.0,09ca0b81,4f25e98b,0b2640f7,4badfc0c,4cf72387,fe6b92e5,df5c2d18,0b153874,a73ee510,da272362,a7b606c4,33c282f5,eae197fd,07d13a8f,dfab705f,635c3e13,e5ba7672,7ef5affa,2f4b9dd2,b1252a9d,cff19dc6,,c7dc6720,8535db9f,001f3601,b98a5b90
0,0.0,-1,1.0,23.0,3169.0,147.0,62.0,0.0,753.0,0.0,9.0,1.0,39.0,05db9164,942f9a8d,69b028e3,003ceb8c,25c83c98,7e0ccccf,3f4ec687,1f89b562,a73ee510,c5fe5cb9,c4adf918,424ba327,85dbe138,b28479f6,ac182643,169f1150,8efede7f,1f868fdd,1d04f4a4,b1252a9d,15414e28,,32c7478e,aa9b9ab9,9d93af03,c73ed234
0,0.0,35,13.0,5.0,4939.0,140.0,1.0,22.0,61.0,0.0,1.0,,11.0,05db9164,4f25e98b,5e25fa67,dd47ba3b,a9411994,7e0ccccf,2e62d414,0b153874,a73ee510,4b415bb3,258875ea,8ebd48c3,dcc8f90a,07d13a8f,5be89da3,e05d680b,d4bb7bd8,bc5a0ff7,ff6cdd42,a458ea53,a2b7caec,,32c7478e,1481ceb4,e8b83407,988b0775
0,,1,13.0,2.0,59865.0,292.0,0.0,2.0,87.0,,0.0,0.0,2.0,68fd1e64,287130e0,b87cffc0,ffacf4e8,43b19349,,04277bf9,5b392875,7cc72ec2,4ea0d483,7e2c5c15,5ea407f3,91a1b611,b28479f6,9efd8b77,9906d656,07c540c4,891589e7,55dd3565,a458ea53,37a23b2d,,32c7478e,3fdb382b,ea9a246c,49d68486
1,,0,,1.0,16732.0,2.0,1.0,1.0,1.0,,1.0,,1.0,87552397,6e638bbc,598b72ce,3c7eb23c,25c83c98,fbad5c96,675e81f6,0b153874,a73ee510,d9b71390,4a77ddca,f21f7d11,dc1d72e4,07d13a8f,d4525f76,e2e3cf1c,d4bb7bd8,f6a2fc70,21ddcdc9,a458ea53,605776ee,,32c7478e,f93938dd,e8b83407,322cbe58
1,0.0,212,,,1632.0,65.0,24.0,1.0,113.0,0.0,6.0,,,be589b51,b0d4a6f6,50a6bc33,335e428a,25c83c98,7e0ccccf,1171550e,1f89b562,a73ee510,23724df8,031ba22d,4baf63a1,bb7a2c12,32813e21,b0369b63,c73993da,e5ba7672,e01eacde,,,1d14288c,,3a171ecb,c9bc2384,,
0,10.0,11,3.0,3.0,1026.0,3.0,88.0,3.0,131.0,1.0,15.0,0.0,3.0,9a89b36c,1cfdf714,8b14bdd6,3bf2df8b,25c83c98,,e807f153,0b153874,a73ee510,8627508e,1054ae5c,3cd57e51,d7ce3abd,b28479f6,d345b1a0,4d664c70,27c07bd6,e88ffc9d,712d530c,b1252a9d,9ecb9e0d,,bcdee96c,a8380e43,cb079c2d,37c5e077
0,,5,22.0,5.0,10324.0,,0.0,5.0,13.0,,0.0,,5.0,f434fac1,40ed0c67,374195a1,6f5d5092,4cf72387,6f6d9be8,555d7949,1f89b562,a73ee510,3b08e48b,91e8fc27,752343e3,9ff13f22,1adce6ef,f8ebf901,c43b15fe,776ce399,2585827d,21ddcdc9,5840adea,a66e7b01,,be7c41b4,e33735a0,e8b83407,f95af538
0,,779,1.0,1.0,676.0,,0.0,4.0,4.0,,0.0,,1.0,68fd1e64,e5fb1af3,9b953c56,7be07df9,25c83c98,7e0ccccf,5e4f7d2b,0b153874,a73ee510,3b08e48b,25f4f871,6bca71b1,e67cdf97,07d13a8f,b5de5956,fb8ca891,d4bb7bd8,13145934,55dd3565,b1252a9d,b1ae3ed2,ad3062eb,423fab69,3fdb382b,9b3e8820,49d68486
0,,179,61.0,,3316.0,,,1.0,,,,,,f473b8dc,38a947a1,223b0e16,ca55061c,43b19349,7e0ccccf,7f2c5a6e,64523cfa,a73ee510,f6c6d9f8,d21494f8,156f99ef,f47f13e4,1adce6ef,0e78291e,5fbf4a84,1e88c74f,1999bae9,,,deb9605d,,32c7478e,e448275f,,
0,1.0,1,5.0,7.0,1238.0,13.0,9.0,15.0,89.0,0.0,3.0,0.0,7.0,8cf07265,09e68b86,aa8c1539,85dd697c,25c83c98,7e0ccccf,92ce5a7d,37e4aa92,a73ee510,15fa156b,e0c3cae0,d8c29807,e8df3343,8ceecbc8,d2f03b75,c64d548f,8efede7f,63cdbb21,cf99e5de,5840adea,5f957280,c9d4222a,55dd3565,1793a828,e8b83407,b7d9c3bc
0,2.0,72,20.0,11.0,4.0,11.0,24.0,14.0,69.0,1.0,7.0,,11.0,05db9164,09e68b86,6ef2aa66,20af9140,25c83c98,7e0ccccf,372a0c4c,0b153874,a73ee510,a08eee5a,ec88dd34,4df84614,94881fc3,b28479f6,52baadf5,cf3ec61f,3486227d,5aed7436,7be4df37,b1252a9d,98a79791,,bcdee96c,3fdb382b,e8b83407,49d68486
0,,57,60.0,20.0,11862.0,20.0,1.0,19.0,20.0,,1.0,,20.0,5bfa8ab5,4f25e98b,15363e12,f9e8a6fb,384874ce,,65c53f25,0b153874,a73ee510,3b08e48b,ad2bc6f4,d63df4e6,39ccb769,b28479f6,8ab5b746,a694f6ce,d4bb7bd8,7ef5affa,21ddcdc9,a458ea53,a370fd83,,32c7478e,d5b01f55,9b3e8820,85cebe8c
0,4.0,1,29.0,30.0,112.0,30.0,27.0,33.0,144.0,2.0,4.0,0.0,30.0,05db9164,58e67aaf,99815367,771966f0,4cf72387,6f6d9be8,cdc0ad95,5b392875,a73ee510,b0c25211,69926409,e802f466,2fc3058f,051219e6,d83fb924,f6613e51,e5ba7672,c21c3e4c,21ddcdc9,a458ea53,3aa05bfb,,32c7478e,9f0d87bf,9b3e8820,bde577f6
0,2.0,4,53.0,14.0,1499.0,20.0,11.0,19.0,98.0,0.0,3.0,7.0,14.0,75ac2fe6,287130e0,b264d69e,ce831e6d,25c83c98,,5aef82b1,0b153874,a73ee510,7fdb06fe,010265ac,74138b6d,0e5bc979,f7c1b33f,42793602,b49f63ab,8efede7f,891589e7,55dd3565,b1252a9d,a1229e5f,,32c7478e,3fdb382b,ea9a246c,49d68486
0,,5,3.0,5.0,17405.0,,0.0,8.0,8.0,,0.0,,6.0,05db9164,c5c1d6ae,8018e37d,d8660950,43b19349,fbad5c96,c1e20400,5b392875,a73ee510,3b08e48b,60a1c175,22cad86a,9b9e44d2,07d13a8f,b25845fd,2a27c935,776ce399,561cabfe,21ddcdc9,5840adea,d479575f,,be7c41b4,9b18ad04,7a402766,67ebe777
0,,49,1.0,1.0,3116.0,72.0,3.0,1.0,48.0,,1.0,,1.0,7e5c2ff4,2c8c5f5d,13cd0697,352cefe6,25c83c98,7e0ccccf,4fb73f5f,985e3fcb,a73ee510,3b08e48b,6a447eb3,c3cdaf85,9dfda2b9,1adce6ef,5edc1a28,08514295,e5ba7672,f5f4ae5b,,,6387fda4,,55dd3565,d36c7dbf,,
0,,2865,23.0,0.0,23584.0,,0.0,2.0,47.0,,0.0,,2.0,05db9164,0468d672,cedcacac,7967fcf5,25c83c98,7e0ccccf,33b15f2c,0b153874,a73ee510,0f6ee8ce,419d31d4,553e02c3,08961fd0,1adce6ef,4f3b3616,91a6eec5,1e88c74f,9880032b,21ddcdc9,5840adea,a97b62ca,,423fab69,727a7cc7,ea9a246c,6935065e
0,,119,4.0,4.0,13528.0,,0.0,7.0,35.0,,0.0,,4.0,87552397,38a947a1,695a85e0,d502349a,25c83c98,7e0ccccf,82f666b6,0b153874,a73ee510,631ddef6,e51ddf94,67b31aac,3516f6e6,cfef1c29,d33de6b0,d2b0336b,07c540c4,48ce336b,,,ea6a0e31,,3a171ecb,da408463,,
0,,25,5.0,4.0,0.0,,0.0,4.0,4.0,,0.0,,1.0,68fd1e64,71ca0a25,44e7b8ec,3b989466,307e775a,7e0ccccf,d0519bab,0b153874,a73ee510,3b08e48b,38914a66,d7cd5e08,c281c227,1adce6ef,ae3a9888,4032eea3,1e88c74f,9bf8ffef,21ddcdc9,5840adea,53def47b,c9d4222a,dbb486d7,8849cfac,001f3601,aa5f0a15
0,2.0,180,94.0,7.0,151.0,38.0,2.0,30.0,26.0,1.0,1.0,,25.0,5bfa8ab5,421b43cd,33ebdbb6,29998ed1,25c83c98,fbad5c96,6ad82e7a,0b153874,a73ee510,451bd4e4,c1ee56d0,6aaba33c,ebd756bd,b28479f6,2d0bb053,b041b04a,e5ba7672,2804effd,,,723b4dfd,,32c7478e,b34f3128,,
0,,2,0.0,,,,,0.0,,,,,,be589b51,38a947a1,4470baf4,8c8a4c47,307e775a,fe6b92e5,ae1dfa39,0b153874,7cc72ec2,3b08e48b,ee26f284,bb669e25,48b975db,b28479f6,717db705,2b2ce127,2005abd1,ade68c22,,,2b796e4a,,be7c41b4,8d365d3b,,
0,,0,9.0,,17907.0,59.0,2.0,0.0,98.0,,1.0,,,68fd1e64,80e26c9b,ba1947d0,85dd697c,25c83c98,fe6b92e5,3d63f4e6,0b153874,a73ee510,94e68c1d,af6a4ffc,34a238e0,2a1579a2,b28479f6,a785131a,da441c7e,e5ba7672,005c6740,21ddcdc9,5840adea,8717ea07,,32c7478e,1793a828,e8b83407,b9809574
0,7.0,84,,7.0,10.0,6.0,29.0,41.0,288.0,1.0,4.0,,5.0,05db9164,38a947a1,840eeb3a,f7263320,25c83c98,7e0ccccf,3baecfcb,0b153874,a73ee510,98d5faa2,96a54d80,317bfd7d,dbe5226f,07d13a8f,d4a5a2be,1689e4de,e5ba7672,5d961bca,,,dc55d6df,,423fab69,aa0115d2,,
0,0.0,0,1.0,,3667.0,42.0,2.0,30.0,37.0,0.0,1.0,1.0,,05db9164,e5fb1af3,909286bb,252734c9,25c83c98,7e0ccccf,b28fa88b,0b153874,a73ee510,4b8a7639,9f0003f4,233fde4c,5afd9e51,b28479f6,23287566,1871ac47,8efede7f,13145934,1d1eb838,b1252a9d,23da7042,,bcdee96c,1be0cc0a,e8b83407,f89dfbcc
0,5.0,1,46.0,6.0,1046.0,112.0,5.0,43.0,111.0,1.0,1.0,,6.0,05db9164,4f25e98b,f86649de,f56f6045,25c83c98,fe6b92e5,21c0ea1a,0b153874,a73ee510,cfa407de,bc862fb6,b9b3b7ef,4f487d87,07d13a8f,dfab705f,33301a0b,e5ba7672,7ef5affa,92524a76,a458ea53,d5a53bc3,c9d4222a,423fab69,3fdb382b,001f3601,79883c16
0,,7,4.0,3.0,75211.0,,0.0,3.0,3.0,,0.0,,3.0,8cf07265,0468d672,00d3cdb7,d4125c6f,25c83c98,7e0ccccf,71ccc25b,0b153874,7cc72ec2,e89812b3,5cab60cb,d286aff3,ce418dc9,07d13a8f,a888f201,7d9d720d,1e88c74f,9880032b,21ddcdc9,5840adea,8443660f,,3a171ecb,52d7797f,e8b83407,ddf88ddd
1,,54,1.0,1.0,,,0.0,1.0,1.0,,0.0,,1.0,68fd1e64,38a947a1,0d15d9b5,bfe24cb7,b0530c50,,d9aa9d97,0b153874,7cc72ec2,3b08e48b,6e647667,72a52d4c,85dbe138,b28479f6,06809048,58cacba8,2005abd1,670f513e,,,b7ba6151,,32c7478e,7b80ab11,,
0,,0,34.0,3.0,,,0.0,3.0,3.0,,0.0,,3.0,68fd1e64,287130e0,38610f2f,28d2973d,25c83c98,,88002ee1,0b153874,7cc72ec2,3b08e48b,f1b78ab4,b345f76c,6e5da64f,b28479f6,9efd8b77,569a0480,2005abd1,891589e7,712d530c,b1252a9d,c2af6d9f,,32c7478e,58e38a64,ea9a246c,70451962
1,,1,1.0,,7814.0,119.0,1.0,19.0,30.0,,1.0,,,05db9164,80e26c9b,eb08d440,f922efad,25c83c98,fe6b92e5,41e1828d,0b153874,a73ee510,3b08e48b,b6358cf2,654bb16a,61c65daf,1adce6ef,0f942372,87acb535,d4bb7bd8,005c6740,21ddcdc9,5840adea,a4b7004c,,32c7478e,b34f3128,e8b83407,9904c656
0,2.0,5,11.0,9.0,24.0,9.0,110.0,9.0,148.0,1.0,10.0,0.0,9.0,be30ca83,8f5b4275,b009d929,c7043c4b,30903e74,fbad5c96,a90a99c5,51d76abe,a73ee510,e6003298,c804061c,3563ab62,1cc9ac51,1adce6ef,a6bf53df,b688c8cc,8efede7f,65c9624a,21ddcdc9,5840adea,2754aaf1,c9d4222a,55dd3565,3b183c5c,e8b83407,adb5d234
0,,19,1.0,1.0,7476.0,9.0,9.0,1.0,9.0,,1.0,,1.0,8cf07265,537e899b,5037b88e,9dde01fd,25c83c98,fbad5c96,aafae983,0b153874,a73ee510,dc790dda,c3a20c8d,680d7261,7ce5cdf0,07d13a8f,6d68e99c,c0673b44,e5ba7672,b34aa802,,,e049c839,,32c7478e,6095f986,,
0,4.0,0,131.0,1.0,0.0,1.0,14.0,10.0,40.0,1.0,3.0,,0.0,05db9164,80e26c9b,13193952,f922efad,25c83c98,fe6b92e5,124131fa,1f89b562,a73ee510,a1ee64a6,9ba53fcc,654bb16a,42156eb4,1adce6ef,0f942372,87acb535,e5ba7672,005c6740,21ddcdc9,5840adea,a4b7004c,ad3062eb,bcdee96c,b34f3128,e8b83407,9904c656
1,0.0,5,2.0,1.0,1526.0,3.0,9.0,2.0,2.0,0.0,1.0,,1.0,05db9164,38a947a1,60c37737,8a77aa30,25c83c98,fe6b92e5,1c63b114,1f89b562,a73ee510,f6f942d1,67841877,94a1cc80,781f4d92,b28479f6,962bbefe,3eef319d,e5ba7672,0ad1cc71,,,1c63c71e,c9d4222a,3a171ecb,ad80aaa7,,
0,1.0,1,5.0,18.0,475.0,63.0,15.0,4.0,803.0,1.0,4.0,,63.0,05db9164,3e4b7926,7442ec70,bb8645c3,0942e0a7,7e0ccccf,3a7402e7,51d76abe,a73ee510,aa91245c,b4bb4248,a5ab10e6,3eb2f9dc,07d13a8f,e6863a8e,1cdb3603,e5ba7672,e261f8d8,21ddcdc9,5840adea,1380864e,,32c7478e,be2f0db5,47907db5,68d9ada1
0,,1,1.0,18.0,10791.0,,0.0,1.0,281.0,,0.0,,18.0,05db9164,46bbf321,c5d94b65,5cc8f91d,4cf72387,7e0ccccf,2773eaab,5b392875,a73ee510,1a428761,06474f17,75c79158,2ec4b007,91233270,cddd56a1,208d4baf,1e88c74f,906ff5cb,,,6a909d9a,ad3062eb,3a171ecb,1f68c81f,,
0,1.0,-1,,,528.0,15.0,8.0,2.0,585.0,1.0,4.0,,,05db9164,ef69887a,3fea0364,9c32fadc,30903e74,,ec1a1856,0b153874,a73ee510,22a99f9d,a04e019f,cc606cbe,07a906b4,b28479f6,902a109f,0ab5ee0c,e5ba7672,4bcc9449,083e89d9,b1252a9d,6c38450e,,32c7478e,394c5a53,47907db5,1d7b6578
0,,18,9.0,0.0,,,0.0,7.0,16.0,,0.0,,7.0,68fd1e64,38a947a1,2273663d,3beb8147,25c83c98,fbad5c96,88002ee1,985e3fcb,7cc72ec2,3b08e48b,f1b78ab4,c47972c1,6e5da64f,1adce6ef,8d3c9c0c,e638c51d,2005abd1,35176a17,,,0370bc83,ad3062eb,55dd3565,cde6fafb,,
0,,5,,13.0,10467.0,170.0,4.0,13.0,96.0,,1.0,,13.0,be589b51,8084ee93,02cf9876,c18be181,0942e0a7,7e0ccccf,ad82323c,37e4aa92,a73ee510,bdfd8a02,7ca25fd2,8fe001f4,d3802338,b28479f6,b2ff8c6b,36103458,e5ba7672,52e44668,,,e587c466,,32c7478e,3b183c5c,,
1,,27,,,27753.0,,,3.0,,,,,,05db9164,efb7db0e,bf05882d,9e3f04df,25c83c98,7e0ccccf,73e2fc5e,062b5529,a73ee510,f8f0e86f,4e46b019,9da0a604,07c072b7,b28479f6,5ab7247d,929eef3c,d4bb7bd8,a863ac26,,,fb19a39b,ad3062eb,3a171ecb,cc4079ea,,
0,0.0,49,,,3732.0,20.0,1.0,3.0,20.0,0.0,1.0,,,17f69355,09e68b86,5be9b239,ace52998,25c83c98,,82cfb145,0b153874,a73ee510,9b8e7680,3f31bb3e,e5b118b4,c6378246,b28479f6,52baadf5,f68bd494,d4bb7bd8,5aed7436,21ddcdc9,a458ea53,ba3c688b,,32c7478e,3fdb382b,b9266ff0,49d68486
1,1.0,19,18.0,16.0,178.0,32.0,34.0,34.0,200.0,0.0,9.0,,16.0,05db9164,ea3a5818,7ee60f5f,bebc14b3,25c83c98,6f6d9be8,4f900c22,f0e5818a,a73ee510,47e01053,7c4f062c,cc22efeb,76dfc898,b28479f6,0a069322,606df1fe,e5ba7672,a1d0cc4f,21ddcdc9,b1252a9d,aebdd3c2,8ec974f4,32c7478e,e4e10900,b9266ff0,7a1ac642
1,0.0,1,2.0,5.0,6613.0,104.0,1.0,17.0,74.0,0.0,1.0,,5.0,8cf07265,8db5bc37,,,25c83c98,7e0ccccf,5a103f30,0b153874,a73ee510,3b08e48b,8487a168,,636195f8,64c94865,00e52733,,d4bb7bd8,821c30b8,,,,,32c7478e,,,
0,,1,,,29111.0,,,0.0,,,,,,ae82ea21,5dac953d,d032c263,c18be181,384874ce,,6b406125,5b392875,a73ee510,f1311559,278636c9,dfbb09fb,b87a829f,b28479f6,78e3b025,84898b2a,e5ba7672,35a9ed38,,,0014c32a,c0061c6d,32c7478e,3b183c5c,,
0,,58,,20.0,21659.0,1033.0,9.0,1.0,151.0,,2.0,,43.0,05db9164,80e26c9b,,,25c83c98,7e0ccccf,622305e6,5b392875,a73ee510,e70742b0,319687c9,,62036f49,07d13a8f,f3635baf,,e5ba7672,f54016b9,21ddcdc9,5840adea,,,3a171ecb,,e8b83407,00ed90d0
0,0.0,11,11.0,5.0,4325.0,61.0,4.0,14.0,68.0,0.0,2.0,0.0,5.0,68fd1e64,d8fc04df,f652979e,32a55192,25c83c98,7e0ccccf,19d92932,5b392875,a73ee510,f710483a,d54a5851,ed5cfa27,a36387e6,b28479f6,9da6bb5f,3141102a,1e88c74f,cbadff99,21ddcdc9,5840adea,3df2213d,,3a171ecb,42998020,010f6491,dd8b4f5c
1,,2560,2.0,0.0,63552.0,398.0,0.0,7.0,122.0,,0.0,,1.0,9a89b36c,39dfaa0d,a17519ab,5b392af8,25c83c98,fbad5c96,14ba4967,64523cfa,7cc72ec2,9ffc445a,c21c44c8,834b5edc,5b3fc509,07d13a8f,60fa10e5,e66306df,d4bb7bd8,df4fffb7,21ddcdc9,5840adea,9988d803,,c7dc6720,abe3a684,010f6491,f3737bd0
0,0.0,30,2.0,15.0,2712.0,210.0,5.0,43.0,242.0,0.0,2.0,,15.0,05db9164,207b2d81,2b280564,ad5ffc6b,25c83c98,fe6b92e5,559eb1e1,0b153874,a73ee510,51e04895,91875c79,2a064dba,ea519e47,64c94865,11b2ae92,7d9b60c8,e5ba7672,395856b0,21ddcdc9,a458ea53,9c3eb598,,32c7478e,c0b8dfd6,001f3601,81be451e
0,0.0,49,,3.0,1732.0,20.0,1.0,14.0,16.0,0.0,1.0,,3.0,8cf07265,e112a9de,4e1c9eda,22504558,25c83c98,fbad5c96,01620311,0b153874,a73ee510,66c281d9,922bbb91,23bc90a1,ad61640d,1adce6ef,6da7d68c,776f5665,e5ba7672,d495a339,,,5a5953a2,,32c7478e,8f079aa5,,
0,,-1,,,357.0,,0.0,10.0,11.0,,0.0,,,68fd1e64,403ea497,2cbec47f,3e2bfbda,25c83c98,7e0ccccf,9d8d7034,0b153874,a73ee510,b3d657b8,51ef0313,21a23bfe,e8f6ccfe,07d13a8f,e3209fc2,587267a3,e5ba7672,a78bd508,21ddcdc9,5840adea,c2a93b37,,32c7478e,1793a828,e8b83407,2fede552
0,2.0,7,,22.0,37.0,22.0,4.0,1.0,135.0,1.0,3.0,,22.0,98237733,b26462db,dad8b3db,06b1cf6e,25c83c98,7e0ccccf,ade953a9,5b392875,a73ee510,0eca1729,29e4ad33,422e8212,80467802,07d13a8f,72fbc65c,25b075e4,e5ba7672,35ee3e9e,,,a13bd40d,,3a171ecb,0ff91809,,
0,,68,1.0,1.0,24513.0,43.0,4.0,12.0,62.0,,1.0,,1.0,fc9c62bb,80e26c9b,,,25c83c98,6f6d9be8,e746fe19,1f89b562,a73ee510,c9ac91cb,0bc63bd0,,ef007ecc,b28479f6,4c1df281,,e5ba7672,f54016b9,21ddcdc9,5840adea,,,32c7478e,,e8b83407,c4e4eabb
1,0.0,304,1.0,,13599.0,0.0,1.0,0.0,0.0,0.0,1.0,0.0,,68fd1e64,064c8f31,70168f62,585ab217,25c83c98,fe6b92e5,b3a5258d,0b153874,a73ee510,7cda6c86,30b2a438,eb83af8a,aebdb575,07d13a8f,81d3f724,69f67894,3486227d,d4a314a2,21ddcdc9,5840adea,e1627e2c,,32c7478e,a6e7d8d3,001f3601,2fede552
0,0.0,2,4.0,7.0,1568.0,70.0,4.0,42.0,117.0,0.0,1.0,,36.0,de4dac42,b7ca2abd,022a0b3c,d6b6e0bf,25c83c98,13718bbd,33cca6fa,0b153874,a73ee510,fb999b75,9f7c4fc1,05e68866,2b9fb512,07d13a8f,2f453358,6de617d3,e5ba7672,4771e483,,,df66957b,,3a171ecb,b34f3128,,
0,,0,3.0,2.0,,,0.0,3.0,13.0,,0.0,,2.0,05db9164,38a947a1,d125aecd,82a61820,25c83c98,7e0ccccf,d18f8f99,0b153874,7cc72ec2,3b08e48b,6c27619d,49507531,61e43922,07d13a8f,bb1e9ca8,0fd6d3ca,2005abd1,e96a7df2,,,7eefff0d,,be7c41b4,cafb4e4d,,
0,0.0,0,5.0,1.0,1751.0,37.0,1.0,8.0,11.0,0.0,1.0,,1.0,8cf07265,09e68b86,fc25ffd0,991a22ae,25c83c98,fbad5c96,6da2fbd6,f0e5818a,a73ee510,78ed0c4d,7bbe6c06,c35b992b,ea1f21b7,1adce6ef,dbc5e126,068a2c9f,e5ba7672,5aed7436,21ddcdc9,b1252a9d,df9de95c,,423fab69,3fdb382b,cb079c2d,49d68486
1,3.0,22,7.0,9.0,269.0,11.0,12.0,15.0,573.0,1.0,7.0,,9.0,05db9164,558b4efb,1b5e2c32,8a2b280f,25c83c98,13718bbd,6d51a5b0,966033bc,a73ee510,2e48a61d,61af8052,733bbdf2,2f3ee7fb,64c94865,2cd24ac0,8ac5e229,e5ba7672,c68ebaa0,21ddcdc9,5840adea,0be61dd1,,32c7478e,3b183c5c,ea9a246c,9973f80f
1,,1,,,14447.0,328.0,15.0,0.0,432.0,,9.0,0.0,,5bfa8ab5,26ece8a8,58ca7e87,3db5e097,25c83c98,fbad5c96,877d7f71,0b153874,a73ee510,afc4d756,5bd8a4ae,91f87a19,7a3043c0,07d13a8f,102fc449,834b85f5,3486227d,87fd936e,,,e339163e,,423fab69,c9a8db2a,,
0,,1,4.0,1.0,235065.0,,0.0,3.0,1.0,,0.0,,1.0,5a9ed9b0,a8da270e,6392b1c1,4e1c036b,25c83c98,6f6d9be8,863329da,0b153874,7cc72ec2,fbc2dc95,a89c45cb,4ea4e9d5,a4fafa5b,b28479f6,f2252b1c,b7f61016,e5ba7672,130ebfcd,,,f15fe1ee,,32c7478e,2896ad66,,
0,1.0,4,75.0,21.0,246.0,69.0,1.0,33.0,33.0,1.0,1.0,,31.0,3b65d647,512fdf0c,b3ee24fe,631a0f79,25c83c98,7e0ccccf,86b374da,1f89b562,a73ee510,3b08e48b,07678d3e,9b665b9c,0159bf9f,b28479f6,fc29c5a9,b7a016ed,e5ba7672,fd3919f9,21ddcdc9,5840adea,1df3ad93,,3a171ecb,3aebd96a,724b04da,56be3401
1,,64,3.0,7.0,14747.0,38.0,4.0,16.0,25.0,,3.0,,17.0,05db9164,8b0005b7,62acd884,7736c782,25c83c98,fbad5c96,b01d50d5,5b392875,a73ee510,3b08e48b,cd1b7031,0b7afe9e,4d8657a2,07d13a8f,715f1291,7d0949a5,07c540c4,dff11f14,,,c12eabbb,,3a171ecb,af0cb2c3,,
0,,0,2.0,,4317.0,0.0,8.0,0.0,0.0,,1.0,,,68fd1e64,09e68b86,29dbbee7,15c721d8,4cf72387,,f33e4fa1,5b392875,a73ee510,e5330e23,7b5deffb,526eb908,269889be,b28479f6,52baadf5,e71dfc2d,e5ba7672,5aed7436,39e30682,b1252a9d,b4770b64,,32c7478e,2f34b1ef,e8b83407,4a449e4c
0,0.0,1,5.0,0.0,11738.0,490.0,10.0,13.0,140.0,0.0,1.0,,1.0,52f1e825,9819deea,a2b48926,f922efad,4cf72387,7e0ccccf,d385ea68,0b153874,a73ee510,3b08e48b,7940fc2a,b99ddbc8,00e20e7b,b28479f6,1150f5ed,87acb535,e5ba7672,7e32f7a4,,,a4b7004c,ad3062eb,32c7478e,b34f3128,,
1,0.0,53,17.0,4.0,1517.0,87.0,1.0,5.0,11.0,0.0,1.0,0.0,4.0,05db9164,38d50e09,948ee031,b7ab56a2,384874ce,fbad5c96,879ccac6,0b153874,a73ee510,9ca0fba4,e931c5cd,42bee2f2,580817cd,b28479f6,06373944,67b3c631,e5ba7672,fffe2a63,21ddcdc9,b1252a9d,bd074856,,32c7478e,df487a73,001f3601,c27f155b
0,,0,7.0,14.0,3751.0,646.0,0.0,37.0,432.0,,0.0,,14.0,0e78bd46,ae46a29d,770451b6,f922efad,25c83c98,fe6b92e5,01620311,0b153874,a73ee510,5a01afad,922bbb91,4bba7327,ad61640d,b28479f6,cccdd69e,e2e2fcd9,e5ba7672,e32bf683,,,b964dee0,c9d4222a,32c7478e,b34f3128,,
0,1.0,1,14.0,1.0,118.0,1.0,4.0,1.0,32.0,1.0,1.0,,1.0,05db9164,4f25e98b,79bdb97a,bdbe850d,43b19349,,38eb9cf4,0b153874,a73ee510,49d1ad89,7f8ffe57,30ed85b5,46f42a63,07d13a8f,dfab705f,e75cb6ea,e5ba7672,7ef5affa,21ddcdc9,a458ea53,72c8ca0c,,32c7478e,3fdb382b,001f3601,49d68486
0,3.0,1,25.0,9.0,1396.0,39.0,5.0,32.0,37.0,0.0,2.0,,10.0,05db9164,dde11b16,c6616b04,e6996139,25c83c98,3bf701e7,2e8a689b,0b153874,a73ee510,efea433b,e51ddf94,3a802941,3516f6e6,07d13a8f,e28388cc,f4944655,3486227d,43dfe9bd,,,81f8278e,,3a171ecb,772b286f,,
0,,0,37.0,10.0,15.0,,0.0,10.0,10.0,,0.0,,10.0,05db9164,95e2d337,da3ad2bd,a95c56ca,25c83c98,fbad5c96,d7f3ff9f,1f89b562,a73ee510,3b08e48b,29473fc8,359d194a,aa902020,051219e6,003cf364,8023d5ba,776ce399,7b06fafe,d913d8f1,a458ea53,15bb899d,,32c7478e,6c25dad0,2bf691b1,59e91663
0,,0,4.0,,11534.0,,0.0,0.0,1.0,,0.0,,,39af2607,78ccd99e,55f298ba,1de19bc2,25c83c98,fbad5c96,63b7fcf7,1f89b562,a73ee510,3b08e48b,779482a8,624029b0,7d65a908,051219e6,9917ad07,270e2a53,1e88c74f,e7e991cb,21ddcdc9,a458ea53,5ff5ac4a,ad3062eb,32c7478e,d65fa724,875ea8a7,86601e0a
0,,498,,0.0,92.0,,0.0,0.0,0.0,,0.0,,0.0,5bfa8ab5,90081f33,fd22e418,36375a46,43b19349,fbad5c96,6c338953,0b153874,a73ee510,3b08e48b,553ebda3,fb991bf5,49fe3d4e,b28479f6,50b07d60,d1a4e968,776ce399,7da6ea7e,,,9fb07dd2,,be7c41b4,359dd977,,
1,8.0,7,20.0,8.0,5.0,22.0,172.0,21.0,568.0,1.0,21.0,,0.0,05db9164,404660bb,97d1681e,ffe40d5f,25c83c98,7e0ccccf,1c86e0eb,1f89b562,a73ee510,f3b83678,755e4a50,7e7a6264,5978055e,1adce6ef,6ddbba94,e7af7559,e5ba7672,4b17f8a2,21ddcdc9,5840adea,5a49c6db,,32c7478e,faf5d8b3,f0f449dd,984e0db0
0,,4,1.0,1.0,270.0,170.0,1.0,19.0,196.0,,1.0,0.0,1.0,3b65d647,4c2bc594,d032c263,c18be181,25c83c98,fbad5c96,cd98cc3d,0b153874,a73ee510,493b74f2,dcc84468,dfbb09fb,b72482f5,8ceecbc8,7ac43a46,84898b2a,e5ba7672,bc48b783,,,0014c32a,,55dd3565,3b183c5c,,
0,,6,52.0,15.0,383.0,,0.0,21.0,21.0,,0.0,,15.0,05db9164,09e68b86,88290645,0676a23d,25c83c98,fe6b92e5,f14f1abf,0b153874,a73ee510,3b08e48b,7b5deffb,f6d35a1e,269889be,b28479f6,52baadf5,90d6ddcd,776ce399,5aed7436,21ddcdc9,b1252a9d,29d21ab1,,32c7478e,69e4f188,e8b83407,e001324a
0,0.0,57,2.0,6.0,1683.0,550.0,5.0,48.0,412.0,0.0,1.0,0.0,102.0,39af2607,c5fe64d9,fda0b584,13508380,25c83c98,7e0ccccf,295cc387,0b153874,a73ee510,3b08e48b,7d5ece85,ffcedb7a,e4b5ce61,07d13a8f,52b49730,f39f1141,d4bb7bd8,c235abed,4cc48856,a458ea53,fdc724a8,,32c7478e,45ab94c8,46fbac64,c84c4aec
0,,90,,0.0,1455.0,,0.0,6.0,10.0,,0.0,,2.0,05db9164,6f609dc9,d032c263,c18be181,25c83c98,7e0ccccf,315c76f3,37e4aa92,a73ee510,3b08e48b,e51ddf94,dfbb09fb,3516f6e6,07d13a8f,c169c458,84898b2a,776ce399,381bd833,,,0014c32a,,3a171ecb,3b183c5c,,
0,,29,4.0,4.0,12245.0,,0.0,19.0,73.0,,0.0,,4.0,05db9164,3df44d94,d032c263,c18be181,4cf72387,7e0ccccf,81bb0302,5b392875,a73ee510,f918493f,b7094596,dfbb09fb,1f9d2c38,b28479f6,e0052e65,84898b2a,07c540c4,e7648a8f,,,0014c32a,,32c7478e,3b183c5c,,
0,3.0,-1,3.0,2.0,285.0,5.0,6.0,8.0,30.0,1.0,4.0,,5.0,05db9164,73b37f46,cd82408a,eb45e6e4,25c83c98,7e0ccccf,ead731f4,0b153874,a73ee510,3b08e48b,e9c32980,d1fb0874,3fe840eb,ec19f520,f3a94039,6d87c0d4,07c540c4,d1605c46,,,ed01532f,,3a171ecb,8d49fa4b,,
1,,2,3.0,,5091.0,0.0,6.0,0.0,3.0,,5.0,,,5a9ed9b0,4f25e98b,10ee5afb,1d29846e,db679829,,1971812a,0b153874,a73ee510,aed8755c,5307d8e2,5e76bfca,8368e64b,b28479f6,8ab5b746,5fb9ff62,07c540c4,7ef5affa,2e30f394,5840adea,e208a45f,,32c7478e,3fdb382b,001f3601,49d68486
0,,78,8.0,,35203.0,853.0,2.0,0.0,98.0,,1.0,,,05db9164,c41a84c8,d627c43e,759c4a2e,25c83c98,fbad5c96,61beb1aa,0b153874,a73ee510,a5270a71,81a23494,2d15871c,3796b047,b28479f6,55d28d38,9243e635,07c540c4,2b46823a,,,ec5ac7c6,ad3062eb,32c7478e,590b856f,,
1,37.0,113,2815.0,5.0,2.0,3.0,26.0,49.0,78.0,0.0,1.0,,3.0,05db9164,c5c1d6ae,b2de8002,f9a7e394,25c83c98,7e0ccccf,0d00feb3,0b153874,a73ee510,ff4776d6,640d8b63,76517c94,18041128,b28479f6,29a18ba0,afc96aa6,e5ba7672,836a67dd,21ddcdc9,5840adea,c0cd6339,78e2e389,32c7478e,7e60320b,7a402766,ba14bbcb
0,5.0,1,28.0,22.0,11.0,24.0,5.0,22.0,22.0,3.0,3.0,,21.0,05db9164,89ddfee8,7e4ea1b2,bc17b20f,25c83c98,,a6624a99,5b392875,a73ee510,3b08e48b,f161ec47,49a5dd4f,1e18519e,051219e6,d5223973,9fa82d1c,e5ba7672,5bb2ec8e,4b1019ff,a458ea53,40b11f62,,32c7478e,eaa38671,f0f449dd,8b3e7faa
0,,0,1.0,33.0,11774.0,,0.0,1.0,502.0,,0.0,,33.0,5a9ed9b0,2ae0a573,0739daa8,4fbef8bb,4cf72387,7e0ccccf,ca4fd8f8,0b153874,a73ee510,3b08e48b,a0060bca,9148b680,22d23aac,07d13a8f,413cc8c6,64e0265f,776ce399,f2fc99b1,,,38879cfe,ad3062eb,32c7478e,7836b4d5,,
0,,1,14.0,3.0,3008.0,15.0,6.0,5.0,146.0,,3.0,,3.0,68fd1e64,a0e12995,b3693f43,f888df5a,25c83c98,7e0ccccf,fcf0132a,0b153874,a73ee510,aed3d80e,d650f1bd,63314ad3,863f8f8a,07d13a8f,73e2709e,ea1c4696,e5ba7672,1616f155,21ddcdc9,5840adea,67afd8d0,,c7dc6720,e3aea32f,9b3e8820,e75c9ae9
1,0.0,1,27.0,38.0,1499.0,73.0,14.0,35.0,269.0,0.0,4.0,0.0,38.0,8cf07265,04e09220,b1ecc6c4,5dff9b29,4cf72387,fe6b92e5,53ef84c0,0b153874,a73ee510,267caf03,643327e3,2436ff75,478ebe53,07d13a8f,f6b23a53,f4ead43c,e5ba7672,6fc84bfb,,,4f1aa25f,,423fab69,ded4aac9,,
0,,5,44.0,4.0,12143.0,,0.0,4.0,4.0,,0.0,,4.0,05db9164,38d50e09,0c7bb149,a35517fb,25c83c98,3bf701e7,e14874c9,0b153874,7cc72ec2,3b08e48b,636405ac,96fa9c01,31b42deb,07d13a8f,ee569ce2,7ce58da8,776ce399,582152eb,21ddcdc9,5840adea,d1d4f4a9,ad3062eb,3a171ecb,03955d00,001f3601,4e7af834
1,3.0,2,37.0,87.0,190.0,90.0,3.0,49.0,88.0,2.0,2.0,,88.0,68fd1e64,38a947a1,,,43b19349,,d385ea68,0b153874,a73ee510,3b08e48b,7940fc2a,,00e20e7b,07d13a8f,7f1c4567,,d4bb7bd8,95f5c722,,,,,32c7478e,,,
