search_id,categorical_1,categorical_2,categorical_3,categorical_4,categorical_5,categorical_6,categorical_7,categorical_8,categorical_9,categorical_10,categorical_11,categorical_12,categorical_13,categorical_14,categorical_15,categorical_16,numerical_1,numerical_2,numerical_3,numerical_4,numerical_5,numerical_6,numerical_7,numerical_8,numerical_9,numerical_10,numerical_11,numerical_12,numerical_13,numerical_14,numerical_15,numerical_16,numerical_17,numerical_18,numerical_19,numerical_20,numerical_21,numerical_22,numerical_23,numerical_24,numerical_25,numerical_26,numerical_27,numerical_28,numerical_29,numerical_30,numerical_31,numerical_32,numerical_33,numerical_34,numerical_35,numerical_36,numerical_37,numerical_38,numerical_39,numerical_40,numerical_41,numerical_42,numerical_43,numerical_44,numerical_45,numerical_46,numerical_47,numerical_48,numerical_49,numerical_50,numerical_51,numerical_52,numerical_53,numerical_54,numerical_55,numerical_56,numerical_57,numerical_58,numerical_59,numerical_60,numerical_61,numerical_62,numerical_63,click,conversion
81,9,0,0,0,9,4,25,0,0,0,0,0,0,0,1,0,0.0,0.0,0.0,0.0,0.0,0.0,0.0,0.0,0.0,0.0,0.0,0.0,0.0,0.0,0.0,0.0,0.0,0.0,0.0,0.0,0.0,0.0,0.0,0.116248,0.33557800000000004,0.201347,0.108255,0.69,0.17,0.16854,0.579045,0.010969,0.0,0.524366,0.452446,0.040712,0.0,0.244066,0.24575300000000005,0.5726319999999999,0.0,0.0,0.0,0.0,0.0,0.0,0.14291800000000002,0.20456,0.06631000000000001,0.37424,0.8122229999999999,0.402538,0.63952,0.0,0.246067,0.483857,0.119061,0,0,0,0.03674,0.0,0.0,1,0
85,9,0,0,0,9,4,36,0,2,1,1,1,1,1,0,0,0.032257999999999995,1.0,0.0,1.0,0.9,0.6,0.0,0.0,0.20013,0.08917,0.11814,0.09747,0.06978,0.06875,0.06751,0.06688,0.09564,0.08478,0.32392,0.38188,0.32444,0.68321,0.14557,0.06742000000000001,0.0,0.0,0.02042,0.59,0.45,0.45333,0.670817,0.032510000000000004,0.041161,0.590647,0.52971,0.037859,0.022906,0.21089,0.112285,0.368165,0.076178,0.00448,0.005229999999999999,1.0,1.0,0.0,0.025687,0.16987,0.016059999999999998,0.1621,0.006425,0.193075,0.022265,0.0,0.238246,0.541927,0.12911199999999998,0,0,0,0.26455,0.238193,0.232213,1,0
97,9,0,0,1,20,4,46,0,4,1,1,0,0,0,0,0,1.0,0.0,0.0,0.0,0.0,0.0,1.0,1.0,0.1357,0.1129,0.1189,0.1019,0.1127,0.1024,0.0949,0.0764,0.065,0.0639,0.0,0.0,0.0,0.0,0.0,0.147602,0.0,0.313112,0.117361,0.58,0.31,0.6151300000000001,0.401049,0.004072,0.0,0.778734,0.483042,0.048862,0.0,0.4230600000000001,0.8229870000000001,0.8229870000000001,0.0,0.0,0.0047350000000000005,0.0,0.0,0.0,0.195506,0.29351,0.04364,0.4219100000000001,0.0,0.397589,0.093943,0.1024,0.198277,0.21694,0.043014,0,0,0,0.03674,0.4890850000000001,0.40247,1,0
111,9,0,0,0,9,4,31,0,0,1,0,1,0,0,0,1,1.0,0.0,0.0,0.0,0.0,0.0,0.0,0.0,0.23485,0.13325,0.099025,0.100875,0.0811,0.07655,0.068825,0.0555,0.059225,0.075825,0.0,0.0,0.0,0.0,0.0,0.0,0.0,0.0,0.0,0.47,0.0,0.8655,0.0,0.0,0.0,0.548701,0.151312,0.039771,0.0,0.0,0.0,0.0,0.0,0.0,0.0,1.0,0.0,0.0,0.0,0.0,0.0,0.0,0.0,0.5,0.5,0.0548,0.250046,0.073671,0.018421,0,0,0,0.0,0.0,0.0,1,0
123,9,0,5,1,20,4,27,0,0,0,0,1,1,0,1,0,1.0,0.0,0.0,1.0,0.333333,0.333333,0.0,0.111111,0.20567,0.15922,0.08547,0.10688,0.10651,0.08232,0.07842,0.0633,0.04878,0.0483,0.5863,0.43994,0.0,0.23399,0.40571,0.07106699999999999,0.0,0.522233,0.091194,0.77,0.27,0.68575,0.567246,0.014978,0.021547,0.717762,0.47276,0.052305,0.022937,0.0,0.0,0.0,0.362725,0.0,0.024165,1.0,1.0,0.0,0.246291,0.0,0.0,0.0,0.0,0.51966,0.347304,0.104,0.256639,0.383563,0.098437,0,0,0,0.03674,0.0,0.0,1,0
123,9,0,5,1,20,4,27,0,0,1,1,1,1,0,1,0,1.0,0.0,0.0,1.0,0.333333,0.333333,0.0,0.111111,0.20567,0.15922,0.08547,0.10688,0.10651,0.08232,0.07842,0.0633,0.04878,0.0483,0.5863,0.43994,0.0,0.23399,0.40571,0.0,0.0,0.0,0.156387,0.71,0.26,0.2543,0.579897,0.00624,0.021745,0.7126680000000001,0.5348510000000001,0.039442000000000005,0.022824,0.195751,0.460962,0.460962,0.115625,0.0,0.04599,1.0,1.0,0.0,0.189732,0.17552,0.05268,0.39715,0.047314,0.420576,0.404608,0.0,0.215764,0.407133,0.087845,0,0,0,0.21619,0.227099,0.309884,1,0
179,9,0,0,1,20,4,0,0,0,1,0,0,0,0,0,0,0.0,0.0,0.0,0.0,0.0,0.0,0.0,0.0,0.0,0.0,0.0,0.0,0.0,0.0,0.0,0.0,0.0,0.0,0.29967,0.46291,0.26726,0.37098,0.14249,0.201541,0.2199,0.186591,0.30080500000000004,0.64,0.21,0.52049,0.494374,0.026317,0.057411,0.563783,0.4825680000000001,0.057791,0.022824,0.478017,0.342567,0.655934,0.6190439999999999,0.0,0.0,0.0,0.0,0.0,0.446943,0.40441,0.12385,0.37502,0.225706,0.586346,0.27662,0.0,0.307334,0.629436,0.193447,0,0,0,0.14311,0.596109,0.476037,1,0
224,9,0,0,0,9,4,25,0,3,1,1,0,0,0,1,0,1.0,0.0,0.0,0.0,1.0,1.0,0.25,0.0,0.3821,0.0577,0.0883,0.0546,0.0449,0.0474,0.1372,0.0285,0.1293,0.01,0.57735,0.40825,0.0,0.20047,0.40016,0.124932,0.164995,0.268085,0.18551,0.61,0.05,0.11611,0.71539,0.002379,0.128967,0.62444,0.572271,0.041955,0.022889,0.200386,0.252883,0.6433409999999999,0.0,0.0,0.020661,0.0,0.0,0.0,0.58718,0.17085,0.06229,0.36729,0.383202,0.408419,0.333413,0.3821,0.164725,0.633621,0.104373,0,0,0,0.57268,0.345164,0.639139,1,0
382,9,0,0,1,20,4,28,0,4,0,0,0,0,0,0,0,0.454545,0.0,1.0,0.0,0.0,0.666667,1.0,0.666667,0.365,0.1277,0.0858,0.0978,0.0844,0.0398,0.0338,0.0319,0.0378,0.0809,0.0,0.0,0.0,0.0,0.0,0.0,0.0,0.0,0.0,0.63,0.06,0.8106,0.0,0.0,0.0,0.597376,0.114961,0.047931,0.0,0.203765,0.452461,0.452461,0.0,0.0,0.0,0.0,0.0,0.0,0.0,0.2469,0.06292,0.35894000000000004,0.0,0.428557,0.172405,0.0378,0.21225700000000006,0.383945,0.081495,0,0,0,0.0,0.289565,0.307166,1,0
509,9,0,0,0,9,4,25,0,4,1,1,0,0,0,1,0,1.0,0.333333,0.0,0.428571,1.0,0.14285699999999998,0.0,0.0,0.260617,0.133767,0.104,0.0964833,0.0777333,0.07491669999999999,0.0468167,0.051266699999999985,0.06581669999999999,0.07341669999999999,0.38656,0.36274,0.0,0.30325,0.51837,0.205095,0.118412,0.460437,0.197999,0.65,0.44,0.31047,0.713448,0.013899000000000002,0.171068,0.554268,0.5606770000000001,0.04522,0.022937,0.0,0.0,0.0,0.743658,0.0,0.0,0.0,0.0,0.0,0.6727850000000001,0.0,0.0,0.0,0.354929,0.485866,0.7095670000000001,0.0703,0.268956,0.5062479999999999,0.136158,0,0,0,0.6430899999999999,0.0,0.0,1,0
509,9,0,0,0,9,4,25,0,4,0,1,0,0,0,1,0,1.0,0.333333,0.0,0.428571,1.0,0.14285699999999998,0.0,0.0,0.260617,0.133767,0.104,0.0964833,0.0777333,0.07491669999999999,0.0468167,0.051266699999999985,0.06581669999999999,0.07341669999999999,0.38656,0.36274,0.0,0.30325,0.51837,0.248925,0.385065,0.734445,0.35315,0.74,0.16,0.27035,0.76447,0.031868,0.347239,0.618624,0.734333,0.053014,0.022991,0.0,0.0,0.0,0.8733420000000001,0.0,0.0,0.0,0.0,0.0,0.909425,0.0,0.0,0.0,0.4456600000000001,0.783963,0.836642,0.2468,0.304647,0.530439,0.161597,0,0,0,0.79001,0.0,0.0,1,0
509,9,0,0,0,9,4,25,0,4,1,1,0,0,0,1,0,1.0,0.333333,0.0,0.428571,1.0,0.14285699999999998,0.0,0.0,0.260617,0.133767,0.104,0.0964833,0.0777333,0.07491669999999999,0.0468167,0.051266699999999985,0.06581669999999999,0.07341669999999999,0.38656,0.36274,0.0,0.30325,0.51837,0.191859,0.0,0.498464,0.274748,0.65,0.44,0.34767,0.701958,0.015361,0.188352,0.517051,0.578137,0.044415,0.022852,0.40056,0.616965,0.616965,0.8665579999999999,0.071393,0.0,0.0,0.0,0.0,0.653343,0.40116,0.20681,0.64115,0.714618,0.596477,0.848684,0.0565,0.30087,0.4851220000000001,0.145958,0,0,0,0.57305,0.0,0.0,1,0
509,9,0,0,0,9,4,25,0,4,0,1,0,0,0,1,0,1.0,0.333333,0.0,0.428571,1.0,0.14285699999999998,0.0,0.0,0.260617,0.133767,0.104,0.0964833,0.0777333,0.07491669999999999,0.0468167,0.051266699999999985,0.06581669999999999,0.07341669999999999,0.38656,0.36274,0.0,0.30325,0.51837,0.0,0.0,0.0,0.122817,0.72,0.0,0.5093,0.5669489999999999,0.009385,0.133622,0.5342899999999999,0.496797,0.045489,0.022937,0.0,0.0,0.0,0.729825,0.189211,0.0,0.0,0.0,0.0,0.6344380000000001,0.0,0.0,0.0,0.723308,0.725096,0.532708,0.2468,0.314296,0.416933,0.13104000000000002,0,0,0,0.6427,0.0,0.0,1,0
602,9,0,0,0,9,4,38,0,0,0,0,0,0,0,1,0,0.0,0.0,0.0,0.0,0.0,0.0,0.0,0.0,0.2257,0.0866,0.096,0.0682,0.153,0.1287,0.0759,0.0616,0.0421,0.047,0.50683,0.0,0.0,0.68908,0.0,0.215449,0.313303,0.399262,0.399618,0.69,0.26,0.19565,0.8116180000000001,0.022954,0.386997,0.676573,0.70592,0.052752,0.023375,0.559991,0.798235,0.748814,0.808322,0.0,0.0,0.0,0.0,0.0,0.666405,0.32452,0.16346,0.42999,0.805812,0.7002109999999999,0.908233,0.2257,0.323974,0.662982,0.214789,0,0,0,0.5,0.0,0.0,1,0
602,9,0,0,0,9,4,38,0,0,0,0,0,0,0,1,0,0.0,0.0,0.0,0.0,0.0,0.0,0.0,0.0,0.2257,0.0866,0.096,0.0682,0.153,0.1287,0.0759,0.0616,0.0421,0.047,0.50683,0.0,0.0,0.68908,0.0,0.219679,0.295067,0.395874,0.258525,0.72,0.26,0.20632,0.766008,0.01517,0.201359,0.492291,0.611738,0.063939,0.022991,0.508626,0.7693979999999999,0.7693979999999999,0.7531220000000001,0.0,0.0,0.0,0.0,0.0,0.550751,0.35136,0.16606,0.42668,0.70221,0.737394,0.799372,0.2257,0.361904,0.625879,0.226508,0,0,0,0.5,0.203432,0.409103,1,0
667,9,1,0,0,9,4,25,1,3,0,1,0,0,0,1,0,1.0,0.0,0.0,0.666667,1.0,0.111111,0.0,0.333333,0.1052,0.1028,0.0619,0.0961,0.1146,0.0492,0.1912,0.0923,0.1145,0.0572,0.35082,0.27386,0.0,0.96226,0.0,0.0,0.0,0.0,0.204318,0.75,0.41,0.31329,0.742537,0.017103999999999998,0.098313,0.471347,0.600334,0.050833,0.022852,0.0,0.0,0.0,0.495292,0.0,0.003545000000000001,0.0,0.0,0.0,0.508352,0.0,0.0,0.0,0.015833,0.424915,0.871441,0.1028,0.298858,0.795879,0.237854,0,0,0,0.52203,0.409059,0.600381,1,0
691,9,3,0,1,20,4,49,7,6,1,1,1,1,0,0,0,1.0,0.0,0.0,0.0,0.0,0.0,1.0,1.0,0.134457,0.0966429,0.132457,0.0939714,0.118243,0.0954571,0.0654,0.0659429,0.0731286,0.109157,0.0,0.0,0.0,0.0,0.0,0.26931,0.124065,0.440388,0.427761,0.55,0.49,0.73342,0.402543,0.123242,0.208094,0.633825,0.620247,0.069651,0.022824,0.711782,0.58933,0.58933,0.349963,0.0,0.0,0.9,0.9,0.0,0.8497870000000001,0.7011,0.17995,0.63421,0.075432,0.813525,0.46483,0.0886,0.295959,0.57289,0.169552,0,0,0,1.0,0.710617,0.619294,1,0
701,9,0,0,1,20,4,36,0,0,1,0,0,0,0,0,0,0.0,0.0,0.0,0.0,0.0,0.0,0.0,0.0,0.20665,0.11303,0.114,0.10627,0.09282,0.07049,0.07073,0.06551,0.07352,0.07182999999999999,0.0,0.0,0.0,0.0,0.0,0.131876,0.0,0.228416,0.053607,0.53,0.47,0.14153,0.710388,0.0,0.0,0.738032,0.505229,0.045904,0.0,0.382414,0.173565,0.685818,0.0,0.0,0.0,0.0,0.0,0.0,0.318361,0.33826,0.04514,0.56438,0.017447999999999998,0.369303,0.360026,0.2778,0.189192,0.246668,0.046667,0,0,0,0.21731,0.382974,0.31258,1,0
701,9,0,0,1,20,4,36,0,0,1,0,0,0,0,0,0,0.0,0.0,0.0,0.0,0.0,0.0,0.0,0.0,0.20665,0.11303,0.114,0.10627,0.09282,0.07049,0.07073,0.06551,0.07352,0.07182999999999999,0.0,0.0,0.0,0.0,0.0,0.196673,0.06769700000000001,0.26428,0.151517,0.75,0.0,0.02941,0.505921,0.047808,0.16758900000000002,0.673725,0.556851,0.059081,0.022775,0.498043,0.219212,0.709274,0.5258,0.0,0.0,0.0,0.0,0.0,0.643818,0.41399,0.05662,0.48969,0.139093,0.51753,0.385407,0.2778,0.221575,0.32007800000000003,0.070921,0,0,0,0.46227,0.54385,0.382186,1,0
726,9,2,0,0,9,4,25,4,2,1,0,1,0,0,1,0,1.0,0.0,0.0,0.25,0.75,0.0,1.0,0.25,0.3349,0.0948,0.1287,0.0802,0.1002,0.0888,0.0555,0.0316,0.0304,0.0398,0.30619,0.30429,0.36515,0.78776,0.17873,0.0,0.0,0.0,0.14093699999999998,0.57,0.22,0.43629,0.774878,0.016677,0.0,0.534902,0.483474,0.045891,0.022849,0.0,0.0,0.0,0.0,0.0,0.0,1.0,0.0,0.0,0.271882,0.0,0.0,0.0,0.0,0.256893,0.44468,0.1287,0.243528,0.877591,0.213718,0,0,0,0.07307999999999999,0.0,0.0,1,0
750,9,0,0,0,9,3,45,0,1,1,0,1,0,0,0,0,1.0,0.714286,0.0,1.0,0.0,0.5,0.0,0.0,0.1894,0.1562,0.1254,0.094,0.0874,0.0738,0.0703,0.0705,0.0728,0.045,0.0,0.0,0.0,0.0,0.0,0.17213299999999998,0.0,0.182574,0.180677,0.63,0.41,0.4714100000000001,0.5643729999999999,0.0,0.0,0.617237,0.412715,0.061828,0.022906,0.0,0.0,0.0,0.0,0.0,0.038594,1.0,0.0,0.0,0.540619,0.0,0.0,0.0,0.5247970000000001,0.5477890000000001,0.295639,0.1254,0.223211,0.311127,0.06944700000000001,0,0,0,0.10866,0.0,0.0,1,0
798,9,0,0,1,20,3,49,0,4,1,1,1,1,1,0,0,1.0,0.0,0.0,0.13333299999999998,0.266667,0.06666699999999999,1.0,0.2,0.16938,0.10336,0.08056,0.11038,0.08072,0.08986,0.07794,0.09978,0.07708,0.09588,0.4996100000000001,0.55338,0.0,0.10717,0.43054,0.163144,0.0,0.250475,0.194634,0.85,0.31,0.80243,0.461751,0.078975,0.08768,0.572453,0.341999,0.061729999999999986,0.022775,0.363719,0.6756220000000001,0.6756220000000001,0.0,0.0112,0.0065980000000000006,1.0,1.0,0.2,0.725677,0.4023,0.06561,0.39796,0.001723,0.533671,0.249291,0.078,0.27907,0.224788,0.062731,0,0,0,0.91134,0.507595,0.405127,1,0
850,9,2,0,0,9,4,31,5,4,1,1,0,0,0,0,0,1.0,0.100418,0.0,0.428571,0.14285699999999998,0.642857,1.0,0.0,0.199367,0.1045,0.0963,0.102667,0.0948333,0.0941,0.0858,0.07313330000000001,0.0667667,0.0675,0.55638,0.5402600000000001,0.7409600000000001,0.00169,0.41054,0.0,0.0,0.34641,0.07929,0.51,0.08,0.53575,0.569303,0.017638,0.0,0.538082,0.425214,0.042368,0.0,0.0,0.0,0.0,0.083775,0.0,0.0,0.0,0.0,0.0,0.242533,0.0,0.0,0.0,0.974776,0.365544,0.236698,0.1115,0.24975100000000006,0.299393,0.07477400000000001,0,0,0,0.10866,0.0,0.0,1,0
850,9,2,0,0,9,4,31,5,4,1,1,1,1,1,0,0,1.0,0.100418,0.0,0.428571,0.14285699999999998,0.642857,1.0,0.0,0.199367,0.1045,0.0963,0.102667,0.0948333,0.0941,0.0858,0.07313330000000001,0.0667667,0.0675,0.55638,0.5402600000000001,0.7409600000000001,0.00169,0.41054,0.097823,0.0,0.29347,0.105797,0.71,0.31,0.4808,0.5556800000000001,0.00262,0.0,0.6086229999999999,0.489179,0.048293,0.0,0.279937,0.49322,0.49322,0.156137,0.0,0.0,1.0,1.0,0.0,0.272022,0.21475,0.05639,0.50753,0.0,0.349529,0.22883,0.113,0.289798,0.325886,0.094441,0,0,0,0.28224,0.365181,0.409603,1,0
861,9,0,4,0,9,4,26,4,0,0,0,0,0,0,1,0,1.0,0.111111,0.0,0.333333,1.0,0.333333,0.333333,1.0,0.7788,0.0662,0.017,0.0258,0.0262,0.0145,0.0125,0.014,0.0149,0.01,0.42655,0.44554,0.5028699999999999,0.23723,0.38359,0.0,0.0,0.0,0.285617,0.65,0.21,0.00506,0.741162,0.004974,0.308692,0.62897,0.652098,0.047931,0.022937,0.35837,0.26997600000000005,0.582074,0.737983,0.0,0.0,0.0,0.0,0.0,0.770737,0.34986,0.13064,0.52447,0.269022,0.7088180000000001,0.943875,0.7788,0.351549,0.789441,0.277527,0,0,0,0.95655,0.0,0.0,1,1
896,9,0,0,0,9,4,38,0,0,1,0,0,0,0,1,0,0.181818,1.0,0.0,0.0,0.25,0.25,1.0,0.25,0.2262,0.0859,0.0966,0.0677,0.1531,0.1287,0.0758,0.0617,0.0422,0.047,0.31798000000000004,0.0,0.0,0.65951,0.21529,0.0,0.0,0.0,0.023607,0.54,0.3,0.20002,0.640019,0.007575,0.0,0.507492,0.419613,0.035789999999999995,0.0,0.0,0.0,0.0,0.0,0.0,0.0,0.0,0.0,0.0,0.0,0.0,0.0,0.0,0.099232,0.303537,0.310374,0.2262,0.194111,0.8901709999999999,0.172792,0,0,0,0.0,0.0,0.0,1,0
951,9,0,5,1,20,4,28,0,0,1,1,0,0,0,0,0,0.0,0.0,1.0,0.0,0.0,0.0,0.0,1.0,0.173933,0.0875667,0.117733,0.0927,0.0952333,0.0960333,0.0633,0.0957333,0.0625,0.100167,0.0,0.0,0.0,0.0,0.0,0.176173,0.0,0.082541,0.25395500000000004,0.58,0.36,0.8114100000000001,0.468553,0.042345,0.030583,0.579832,0.446088,0.060265,0.022852,0.274252,0.283835,0.549829,0.0,0.104451,0.038997,0.0,0.0,0.0,0.600178,0.21486,0.07393999999999999,0.39953,0.98065,0.739879,0.556967,0.0381,0.332341,0.317821,0.105625,0,0,0,0.14311,0.490274,0.394131,1,0
1071,9,0,0,0,9,4,39,0,0,1,0,0,0,0,1,0,0.0,0.0,0.0,0.0,0.0,0.0,0.0,0.0,0.0,0.0,0.0,0.0,0.0,0.0,0.0,0.0,0.0,0.0,0.0,0.0,0.0,0.0,0.0,0.16208399999999998,0.0,0.213922,0.155624,0.53,0.5,0.93897,0.448454,0.06979099999999999,0.073885,0.5886020000000001,0.400958,0.058209,0.022775,0.397362,0.288672,0.593588,0.412672,0.0,0.0,0.0,0.0,0.0,0.662896,0.29067,0.05495,0.33119,0.04483,0.52981,0.792141,0.0,0.237608,0.23460300000000006,0.055744000000000016,0,0,0,0.33472,0.5058159999999999,0.466758,1,0
1071,9,0,0,0,9,4,39,0,0,1,0,0,0,0,1,0,0.0,0.0,0.0,0.0,0.0,0.0,0.0,0.0,0.0,0.0,0.0,0.0,0.0,0.0,0.0,0.0,0.0,0.0,0.0,0.0,0.0,0.0,0.0,0.059339,0.0,0.0,0.041068,0.83,0.31,0.80204,0.7130920000000001,0.099039,0.01435,0.428709,0.388384,0.038162,0.022906,0.212859,0.675285,0.675285,0.252128,0.0,0.0,0.0,0.0,0.0,0.294163,0.20237,0.04694,0.24428,0.613125,0.34894000000000003,0.269508,0.0,0.202857,0.239011,0.048485,0,0,0,0.14311,0.0,0.0,1,0
1109,9,0,0,1,20,4,45,0,4,1,1,0,0,0,0,0,0.0,1.0,0.0,0.0,1.0,0.0,0.0,0.0,0.210733,0.1223,0.0915333,0.07943330000000001,0.08323330000000001,0.07706669999999999,0.0956333,0.08726669999999999,0.07556669999999999,0.0622,0.0,0.0,0.0,0.0,0.0,0.0,0.0,0.0,0.236354,0.0,0.46,0.07553,0.386048,0.002105,0.020364,0.572134,0.455134,0.049531,0.022824,0.0,0.0,0.0,0.0,0.036485,0.0,0.0,0.0,0.0,0.5426810000000001,0.0,0.0,0.0,0.386449,0.529895,0.235888,0.1326,0.276398,0.356311,0.098484,0,0,0,0.30129,0.437656,0.398705,1,1
1117,9,0,0,1,20,4,46,0,2,1,1,0,0,0,0,0,1.0,0.019608,0.0,0.230769,0.153846,1.0,0.153846,0.307692,0.17322,0.09693,0.09566,0.08976,0.08422,0.0894,0.07533,0.07667,0.06605,0.11384,0.42483,0.64169,0.2705,0.5344,0.27199,0.0,0.0,0.0,0.114415,0.62,0.5,0.21318,0.31934,0.00581,0.010994,0.564475,0.460413,0.055173,0.022784,0.0,0.0,0.0,0.3815,0.0,0.004263,0.0,0.0,0.0,0.243075,0.0,0.0,0.0,0.0,0.415358,0.109324,0.1014,0.232955,0.5857640000000001,0.136457,0,0,0,0.0,0.0,0.0,1,0
1237,9,0,0,0,9,4,49,0,3,1,1,0,0,1,0,0,1.0,0.0,0.0,0.4,1.0,1.0,0.0,0.0,0.0619,0.0633,0.0436,0.1726,0.1054,0.1104,0.0779,0.1075,0.0848,0.1576,0.0,0.0,0.0,0.0,0.0,0.141096,0.0,0.234798,0.213613,0.53,0.4,0.87792,0.573893,0.072751,0.06333899999999999,0.640645,0.330671,0.063552,0.022775,0.464541,0.268521,0.779888,0.68255,0.0,0.060163,0.0,0.0,0.0,0.666551,0.4833,0.11053,0.58241,0.234483,0.611578,0.667285,0.1576,0.36801,0.509319,0.187435,0,0,0,0.59428,0.388439,0.391511,1,0
1254,9,0,2,1,20,4,34,0,3,0,0,1,1,0,0,0,1.0,0.4,0.0,1.0,1.0,0.4,0.2,0.0,0.5929,0.0105,0.0786,0.0186,0.0735,0.0425,0.0279,0.1038,0.0215,0.01,0.34922,0.2582,0.94281,0.08703999999999999,0.0,0.0,0.0,0.0,0.386008,0.55,0.0,0.29749000000000003,0.759335,0.003792,0.212319,0.6803239999999999,0.683982,0.065451,0.023008,0.0,0.0,0.0,0.704917,0.0,0.024442,1.0,1.0,0.0,0.492706,0.0,0.0,0.0,0.0,0.5652020000000001,0.518953,0.5929,0.245836,0.7314970000000001,0.179828,0,0,0,0.56643,0.0,0.0,1,0
1349,9,0,0,0,9,4,0,0,0,1,0,0,0,0,0,0,0.0,0.0,0.0,0.0,0.0,0.0,0.0,0.0,0.0,0.0,0.0,0.0,0.0,0.0,0.0,0.0,0.0,0.0,0.33446,0.37012,0.0,0.41357,0.0,0.103418,0.0,0.37998,0.074711,0.65,0.3,0.30267,0.351041,0.0,0.0,0.596168,0.525172,0.037859,0.0,0.0,0.0,0.0,0.0,0.0,0.0,0.0,0.0,0.0,0.232036,0.0,0.0,0.0,0.261839,0.60465,0.424612,0.0,0.30326,0.531513,0.161186,0,0,0,0.07307999999999999,0.0,0.0,1,0
1349,9,0,0,0,9,4,0,0,0,1,0,0,0,0,0,0,0.0,0.0,0.0,0.0,0.0,0.0,0.0,0.0,0.0,0.0,0.0,0.0,0.0,0.0,0.0,0.0,0.0,0.0,0.33446,0.37012,0.0,0.41357,0.0,0.0635,0.0,0.1905,0.069271,0.63,0.4,0.71691,0.710336,0.0,0.0,0.502969,0.383033,0.041735,0.022831,0.234556,0.276642,0.68387,0.116089,0.0,0.0,0.0,0.0,0.0,0.439915,0.23596,0.09561,0.39228,0.048002,0.329884,0.174904,0.0,0.256896,0.606355,0.15577,0,0,0,0.14617,0.326314,0.35880500000000004,1,0
1349,9,0,0,0,9,4,0,0,0,1,0,0,0,0,0,0,0.0,0.0,0.0,0.0,0.0,0.0,0.0,0.0,0.0,0.0,0.0,0.0,0.0,0.0,0.0,0.0,0.0,0.0,0.33446,0.37012,0.0,0.41357,0.0,0.077267,0.0,0.0,0.030246,0.69,0.33,0.19726,0.5125529999999999,0.010019,0.0,0.472099,0.318498,0.039461,0.0,0.245831,0.691921,0.691921,0.0,0.0,0.0,0.0,0.0,0.0,0.0,0.16314,0.03394,0.23337,0.302656,0.270811,0.111351,0.0,0.249159,0.600453,0.149608,0,0,0,0.0,0.0,0.0,1,0
1349,9,0,0,0,9,4,0,0,0,1,0,0,0,0,1,0,0.0,0.0,0.0,0.0,0.0,0.0,0.0,0.0,0.0,0.0,0.0,0.0,0.0,0.0,0.0,0.0,0.0,0.0,0.33446,0.37012,0.0,0.41357,0.0,0.198843,0.0,0.298265,0.200187,0.55,0.56,0.53294,0.436532,0.004362,0.034319,0.446655,0.365815,0.06077000000000001,0.022775,0.457897,0.26568600000000003,0.6794060000000001,0.226594,0.0,0.0,0.0,0.0,0.0,0.575383,0.32875,0.06489,0.38132,0.040159,0.537967,0.245065,0.0,0.332071,0.601992,0.199904,0,0,0,0.26455,0.167414,0.297358,1,0
1349,9,0,0,0,9,4,0,0,0,0,0,0,0,0,1,0,0.0,0.0,0.0,0.0,0.0,0.0,0.0,0.0,0.0,0.0,0.0,0.0,0.0,0.0,0.0,0.0,0.0,0.0,0.33446,0.37012,0.0,0.41357,0.0,0.114457,0.0,0.524509,0.280765,0.58,0.06,0.97266,0.6300899999999999,0.228154,0.021544,0.549329,0.4440770000000001,0.061828,0.023019,0.276282,0.345534,0.614296,0.0,0.0,0.0,0.0,0.0,0.0,0.0,0.24121,0.07582,0.33575,0.350489,0.569485,0.49721,0.0,0.26315900000000003,0.466972,0.122888,0,0,0,0.0,0.0,0.0,1,0
1349,9,0,0,0,9,4,0,0,0,1,0,0,0,0,0,0,0.0,0.0,0.0,0.0,0.0,0.0,0.0,0.0,0.0,0.0,0.0,0.0,0.0,0.0,0.0,0.0,0.0,0.0,0.33446,0.37012,0.0,0.41357,0.0,0.118678,0.0,0.205557,0.034514,0.63,0.35,0.80086,0.573822,0.020645,0.00804,0.6526,0.516292,0.045118,0.022775,0.0,0.0,0.0,0.0,0.0,0.0,0.0,0.0,0.0,0.417639,0.0,0.0,0.0,0.370683,0.299005,0.056711,0.0,0.33583,0.564787,0.189672,0,0,0,0.10982,0.353639,0.263016,1,0
1424,9,0,0,0,9,4,36,0,2,1,0,0,0,0,0,0,1.0,0.0,0.0,0.75,1.0,0.0,0.0,0.25,0.228,0.1099,0.131267,0.1149,0.107367,0.06606669999999999,0.0782667,0.0553,0.0389333,0.05486669999999999,0.22533000000000006,0.19803,0.0,0.29813,0.18944,0.116908,0.0,0.0,0.14593699999999998,0.58,0.31,0.07983,0.359723,0.007392,0.012921,0.6489189999999999,0.574064,0.058211,0.022824,0.32582,0.154159,0.604072,0.0,0.004475,0.003635,0.0,0.0,0.0,0.314099,0.36279,0.04525,0.4904,0.085411,0.413419,0.046597,0.2202,0.24699,0.27639600000000003,0.068267,0,0,0,0.14311,0.401888,0.371385,1,0
1443,9,0,0,0,9,6,36,0,3,1,0,0,0,1,0,0,1.0,0.0,0.0,0.333333,0.0,0.0,0.0,1.0,0.278,0.1428,0.1272,0.1193,0.0811,0.0609,0.0468,0.0357,0.0423,0.0507,0.0,0.0,0.0,0.0,0.0,0.0,0.0,0.0,0.03021,0.72,0.49,0.66922,0.0,0.0,0.0,0.622238,0.42548,0.04073,0.0,0.233212,0.326592,0.326592,0.0,0.0,0.0,0.0,0.0,0.0,0.0,0.20026,0.01462,0.42028,0.0,0.310167,0.052972000000000005,0.0811,0.214434,0.219316,0.047029,0,0,0,0.0,0.0,0.0,1,0
1449,9,0,0,1,20,3,45,0,1,1,1,0,0,0,0,0,0.0,1.0,0.032257999999999995,0.5,1.0,1.0,0.0,0.0,0.142733,0.0939,0.0497333,0.0671667,0.07086669999999999,0.05513330000000001,0.0815,0.0812,0.08333330000000001,0.12626700000000002,0.22398,0.0,0.0,0.20401,0.37637,0.202606,0.0,0.320348,0.362903,0.59,0.43,0.18034,0.54028,0.006345,0.05729500000000001,0.580055,0.635024,0.05076,0.022824,0.358748,0.227289,0.695275,0.0,0.014259,0.0,0.0,0.0,0.1,0.6653220000000001,0.31234,0.07572999999999999,0.4137,0.8948370000000001,0.53173,0.549383,0.2238,0.301195,0.5162909999999999,0.155504,0,0,0,0.40819,0.4679,0.420938,1,0
1449,9,0,0,1,20,3,45,0,1,1,1,1,0,0,0,0,0.0,1.0,0.032257999999999995,0.5,1.0,1.0,0.0,0.0,0.142733,0.0939,0.0497333,0.0671667,0.07086669999999999,0.05513330000000001,0.0815,0.0812,0.08333330000000001,0.12626700000000002,0.22398,0.0,0.0,0.20401,0.37637,0.120386,0.0,0.0,0.13811700000000002,0.74,0.41,0.02028,0.605028,0.0,0.0,0.474078,0.521103,0.037406,0.022824,0.29732800000000004,0.262756,0.626738,0.0,0.019612,0.002875,0.5,0.0,0.1,0.398378,0.26908000000000004,0.0723,0.35693,0.271587,0.35188600000000003,0.32049,0.2238,0.280835,0.535454,0.150374,0,0,0,0.14311,0.395244,0.406184,1,0
1788,9,0,0,1,20,4,0,0,0,1,0,0,0,0,1,0,0.0,0.0,0.0,0.0,0.0,0.0,0.0,0.0,0.0,0.0,0.0,0.0,0.0,0.0,0.0,0.0,0.0,0.0,0.35662,0.0,0.4472100000000001,0.75134,0.17286,0.106904,0.0,0.130931,0.277219,0.63,0.0,0.66802,0.735583,0.047209,0.087121,0.398007,0.5235270000000001,0.062695,0.022846,0.31946,0.877109,0.877109,0.538467,0.0,0.0,0.0,0.0,0.0,0.61431,0.24064,0.08738,0.228,0.452371,0.601483,0.6514770000000001,0.0,0.406426,0.74961,0.304661,0,0,0,0.23702,0.0,0.0,1,0
1788,9,0,0,1,20,4,0,0,0,1,0,0,0,0,1,0,0.0,0.0,0.0,0.0,0.0,0.0,0.0,0.0,0.0,0.0,0.0,0.0,0.0,0.0,0.0,0.0,0.0,0.0,0.35662,0.0,0.4472100000000001,0.75134,0.17286,0.0,0.0,0.0,0.036782,0.6,0.16,0.6724600000000001,0.650255,0.0,0.0,0.529935,0.341355,0.03818,0.0,0.0,0.0,0.0,0.0,0.0,0.0,0.0,0.0,0.0,0.26873600000000003,0.0,0.0,0.0,0.0,0.234691,0.129305,0.0,0.203781,0.63344,0.129083,0,0,0,0.03674,0.228832,0.270203,1,0
1788,9,0,0,1,20,4,0,0,0,1,0,0,0,0,1,0,0.0,0.0,0.0,0.0,0.0,0.0,0.0,0.0,0.0,0.0,0.0,0.0,0.0,0.0,0.0,0.0,0.0,0.0,0.35662,0.0,0.4472100000000001,0.75134,0.17286,0.0,0.0,0.0,0.0,0.56,0.21,0.88187,0.0,0.0,0.0,0.559154,0.085533,0.036755,0.0,0.0,0.0,0.0,0.0,0.0,0.0,0.0,0.0,0.0,0.0,0.0,0.0,0.0,0.0,0.174665,0.032659,0.0,0.0,0.0,0.0,0,0,0,0.0,0.0,0.0,1,0
1788,9,0,0,1,20,4,0,0,0,0,0,0,0,0,1,0,0.0,0.0,0.0,0.0,0.0,0.0,0.0,0.0,0.0,0.0,0.0,0.0,0.0,0.0,0.0,0.0,0.0,0.0,0.35662,0.0,0.4472100000000001,0.75134,0.17286,0.0,0.0,0.0,0.0,0.53,0.29,0.47049,0.0,0.0,0.0,0.548351,0.159422,0.06770599999999999,0.0,0.0,0.0,0.0,0.0,0.0,0.0,0.0,0.0,0.0,0.0,0.0,0.0,0.0,0.0,0.541326,0.305458,0.0,0.282548,0.448651,0.12676500000000002,0,0,0,0.0,0.0,0.0,1,0
1818,9,0,0,0,9,4,24,0,3,0,0,1,0,0,1,0,0.0,1.0,0.0,0.0,0.0,1.0,0.333333,0.0,0.092,0.1038,0.0657,0.0276,0.1741,0.0862,0.0833,0.0803,0.1126,0.1595,0.52894,0.5547,0.0,0.8778,0.27958,0.0,0.0,0.0,0.0,0.0,0.0,0.99829,0.0,0.0,0.0,0.513437,0.06273200000000001,0.036364,0.0,0.0,0.0,0.0,0.0,0.0,0.0,1.0,0.0,0.0,0.0,0.0,0.0,0.0,0.0,0.5,0.5,0.1595,0.197446,0.121062,0.023903,0,0,0,0.0,0.211681,0.3093,1,0
1860,9,0,0,0,9,4,26,0,0,0,0,0,0,0,1,0,0.0,1.0,0.222222,1.0,0.0,0.4,0.4,0.2,0.05805,0.3506,0.0656,0.0991,0.05455,0.0138,0.0132,0.0311,0.04305,0.01,0.37582,0.0,0.0,0.18565,0.38111,0.0,0.0,0.0,0.055679,0.71,0.15,0.12968,0.51181,0.016506,0.007011,0.0,0.462775,0.035976,0.022937,0.263346,0.326464,0.446312,0.192433,0.0,0.0,0.0,0.0,0.0,0.113695,0.16030999999999998,0.05415,0.1603,0.94607,0.414659,0.545566,0.2347,0.256513,0.47066,0.120731,0,0,0,0.03674,0.0,0.0,1,0
1924,9,0,0,0,9,4,25,0,0,1,0,0,0,0,1,0,0.666667,1.0,0.0,0.4,1.0,0.4,0.0,0.2,0.1721,0.183,0.0735,0.1217,0.0297,0.1283,0.1349,0.0341,0.056,0.0516,0.41122,0.39641,0.0,0.88216,0.0,0.131647,0.20815300000000006,0.088312,0.441863,0.67,0.21,0.57557,0.849223,0.081372,0.208734,0.627991,0.650361,0.059441,0.023093,0.332557,0.386254,0.675824,0.647321,0.0,0.0,0.0,0.0,0.0,0.697893,0.37854,0.27233,0.43168,0.137475,0.5113479999999999,0.950372,0.1349,0.331223,0.566326,0.18758,0,0,0,0.70176,0.384195,0.385743,1,0
1924,9,0,0,0,9,4,25,0,0,1,0,0,0,0,1,0,0.666667,1.0,0.0,0.4,1.0,0.4,0.0,0.2,0.1721,0.183,0.0735,0.1217,0.0297,0.1283,0.1349,0.0341,0.056,0.0516,0.41122,0.39641,0.0,0.88216,0.0,0.274534,0.309154,0.402749,0.485976,0.56,0.21,0.55416,0.844038,0.082899,0.12573299999999998,0.610341,0.521716,0.062709,0.023093,0.448224,0.5207609999999999,0.6758810000000001,0.930258,0.0,0.0,0.0,0.0,0.0,0.707607,0.44165,0.3866,0.51826,0.205565,0.520364,0.925084,0.1349,0.387941,0.605842,0.235031,0,0,0,0.58736,0.629073,0.727625,1,0
1924,9,0,0,0,9,4,25,0,0,0,0,0,0,0,1,0,0.666667,1.0,0.0,0.4,1.0,0.4,0.0,0.2,0.1721,0.183,0.0735,0.1217,0.0297,0.1283,0.1349,0.0341,0.056,0.0516,0.41122,0.39641,0.0,0.88216,0.0,0.302579,0.421225,0.43775,0.4552390000000001,0.69,0.26,0.6209100000000001,0.833535,0.088142,0.186291,0.61457,0.549776,0.062709,0.023093,0.573873,0.629556,0.8279700000000001,0.930287,0.0,0.0,0.0,0.0,0.0,0.689455,0.56458,0.46469,0.70087,0.758119,0.533027,0.944756,0.183,0.414019,0.60948,0.252336,0,0,0,0.51544,0.639742,0.639753,1,0
1924,9,0,0,0,9,4,25,0,0,1,0,0,0,0,1,0,0.666667,1.0,0.0,0.4,1.0,0.4,0.0,0.2,0.1721,0.183,0.0735,0.1217,0.0297,0.1283,0.1349,0.0341,0.056,0.0516,0.41122,0.39641,0.0,0.88216,0.0,0.07955599999999999,0.0,0.0,0.065915,0.59,0.43,0.04282,0.730553,0.002107,0.030121,0.5158659999999999,0.0,0.036442,0.022878,0.204843,0.6164149999999999,0.6164149999999999,0.013758,0.0,0.0,0.0,0.0,0.0,0.099835,0.11022,0.0453,0.08635,0.301388,0.200685,0.739787,0.1721,0.138721,0.632851,0.08778999999999999,0,0,0,0.1454,0.0,0.0,1,0
1924,9,0,0,0,9,4,25,0,0,1,0,0,0,0,1,0,0.666667,1.0,0.0,0.4,1.0,0.4,0.0,0.2,0.1721,0.183,0.0735,0.1217,0.0297,0.1283,0.1349,0.0341,0.056,0.0516,0.41122,0.39641,0.0,0.88216,0.0,0.40638,0.6320939999999999,0.602506,0.498005,0.66,0.09,0.50252,0.804858,0.066441,0.153376,0.6395770000000001,0.629358,0.062709,0.023093,0.553678,0.755497,0.755497,0.934308,0.0,0.0,0.0,0.0,0.0,0.683945,0.53657,0.44785,0.67704,0.840406,0.544651,0.957379,0.1283,0.516683,0.5623,0.290531,0,0,0,0.60437,0.0,0.0,1,0
1924,9,0,0,0,9,4,25,0,0,1,0,0,0,0,1,0,0.666667,1.0,0.0,0.4,1.0,0.4,0.0,0.2,0.1721,0.183,0.0735,0.1217,0.0297,0.1283,0.1349,0.0341,0.056,0.0516,0.41122,0.39641,0.0,0.88216,0.0,0.096144,0.14494300000000002,0.24597600000000006,0.322672,0.42,0.41,0.25315,0.8440979999999999,0.045463,0.159,0.593619,0.573665,0.053364,0.023093,0.219883,0.414876,0.5366449999999999,0.376183,0.0,0.0,0.0,0.0,0.0,0.626379,0.15872,0.10995,0.15709,0.000464,0.293812,0.90551,0.183,0.200826,0.566778,0.113824,0,0,0,0.56115,0.325691,0.426613,1,0
1938,9,0,0,0,9,4,34,0,0,1,1,0,0,0,0,0,1.0,0.0,0.0,0.0,1.0,0.0,0.0,0.0,0.1276,0.10825,0.09355,0.08800000000000001,0.15225,0.0954,0.1092,0.05845,0.04075,0.1114,0.0,0.0,0.0,0.0,0.0,0.140952,0.0,0.244137,0.071461,0.64,0.42,0.91366,0.471742,0.0,0.0,0.601456,0.450218,0.054532,0.0,0.4748060000000001,0.28139899999999995,0.8203889999999999,0.0,0.0,0.085207,0.0,0.0,0.0,0.580678,0.4952,0.19733,0.65384,0.530759,0.433079,0.246364,0.1164,0.296223,0.204146,0.060473,0,0,0,0.07307999999999999,0.15618,0.245546,1,0
2022,9,0,0,1,20,4,25,0,5,1,1,1,0,0,1,0,1.0,0.0,0.0,0.166667,0.0,0.0,0.166667,1.0,0.2364,0.0573,0.0947,0.0828,0.0934,0.092,0.0592,0.0651,0.098,0.1058,0.16784000000000002,0.39223,0.0,0.31129,0.0,0.05862100000000001,0.0,0.35172600000000004,0.088477,0.68,0.36,0.92741,0.354671,0.025324,0.0,0.446942,0.306278,0.044097,0.0,0.262843,0.5550189999999999,0.5550189999999999,0.0,0.0,0.003571,0.9,0.0,0.0,0.0,0.31691,0.11877,0.44513,0.946871,0.41111,0.076349,0.1058,0.220941,0.147075,0.032495,0,0,0,0.0,0.25953000000000004,0.351826,1,0
2027,9,0,0,0,9,4,31,0,6,1,0,1,0,0,0,0,1.0,0.461538,0.0,0.0,0.14285699999999998,0.285714,0.428571,1.0,0.2494,0.154,0.0911,0.0796,0.093,0.0708,0.0785,0.057,0.0614,0.0501,0.61512,0.53452,0.0,0.61905,0.0,0.155815,0.0,0.454635,0.129657,0.66,0.41,0.5071,0.661608,0.015713,0.103748,0.609557,0.528487,0.056037,0.022851,0.430608,0.58397,0.58397,0.285722,0.0,0.0,0.81135,0.0,0.0,0.638241,0.51849,0.28996,0.7326600000000001,0.366045,0.521195,0.6091310000000001,0.093,0.22041,0.7893399999999999,0.173978,0,0,0,0.8865200000000001,0.489617,0.48092,1,0
2074,9,0,0,1,20,4,25,0,0,1,0,0,0,0,1,0,1.0,0.0,0.0,1.0,0.0,0.5,0.0,0.0,0.2531,0.1217,0.1191,0.0836,0.0858,0.0559,0.0683,0.0691,0.0649,0.0634,0.0,0.0,0.0,0.0,0.0,0.08692899999999999,0.0,0.150566,0.223677,0.57,0.41,0.27523000000000003,0.519798,0.0,0.0,0.49386,0.415367,0.053014,0.0,0.37355,0.22144,0.560602,0.0,0.0,0.033733,0.0,0.0,0.0,0.324909,0.40776,0.08978,0.25799,0.0,0.441415,0.071023,0.1217,0.28086500000000003,0.215655,0.06057000000000001,0,0,0,0.07307999999999999,0.372286,0.354989,1,0
2080,9,0,0,1,20,4,32,0,0,1,0,0,0,0,1,0,0.0,0.0,0.0,0.0,0.0,0.0,0.0,0.0,0.3378,0.0727,0.1282,0.0942,0.0834,0.0584,0.0422,0.0441,0.0422,0.0817,0.0,0.0,0.0,0.0,0.0,0.0,0.0,0.0,0.150536,0.54,0.31,0.72377,0.449954,0.0,0.0,0.5525,0.362885,0.058041,0.0,0.357059,0.181953,0.7362529999999999,0.0,0.0,0.0,0.0,0.0,0.0,0.248924,0.32787,0.04279,0.48731,0.050088,0.566108,0.197829,0.0,0.316904,0.366757,0.116227,0,0,0,0.07307999999999999,0.327916,0.35124,1,0
7,9,0,4,1,20,4,30,0,0,1,0,0,0,0,1,0,0.0,1.0,0.0,0.0,1.0,0.0,0.0,0.0,0.2129,0.12349,0.10043,0.09125,0.09358,0.07434,0.06659,0.0609,0.06873,0.08702,0.0,0.0,0.0,0.8,0.0,0.0,0.0,0.0,0.0,0.64,0.21,0.5920000000000001,0.0,0.0,0.0,0.507469,0.108155,0.028273000000000006,0.0,0.0,0.0,0.0,0.0,0.0,0.0,0.0,0.0,0.0,0.0,0.0,0.0,0.0,0.0,0.145571,0.051991,0.0,0.102102,0.275015,0.02808,0,0,0,0.0,0.0,0.0,0,0
7,9,0,4,1,20,4,30,0,0,1,0,0,0,0,1,0,0.0,1.0,0.0,0.0,1.0,0.0,0.0,0.0,0.2129,0.12349,0.10043,0.09125,0.09358,0.07434,0.06659,0.0609,0.06873,0.08702,0.0,0.0,0.0,0.8,0.0,0.0,0.0,0.0,0.0,0.66,0.21,0.60392,0.0,0.0,0.0,0.519642,0.14135899999999998,0.035033,0.0,0.0,0.0,0.0,0.0,0.0,0.0,0.0,0.0,0.0,0.0,0.0,0.0,0.0,0.0,0.13943599999999998,0.06927699999999999,0.0,0.133914,0.290335,0.03888,0,0,0,0.0,0.0,0.0,0,0
7,9,0,4,1,20,4,30,0,0,1,0,0,0,0,1,0,0.0,1.0,0.0,0.0,1.0,0.0,0.0,0.0,0.2129,0.12349,0.10043,0.09125,0.09358,0.07434,0.06659,0.0609,0.06873,0.08702,0.0,0.0,0.0,0.8,0.0,0.0,0.0,0.0,0.0,0.68,0.27,0.5920000000000001,0.0,0.0,0.0,0.491669,0.13399,0.030598,0.0,0.0,0.0,0.0,0.0,0.0,0.0,0.0,0.0,0.0,0.0,0.0,0.0,0.0,0.0,0.137923,0.058034,0.0,0.13146,0.284188,0.037359,0,0,0,0.0,0.0,0.0,0,0
7,9,0,4,1,20,4,30,0,0,1,0,0,0,0,1,0,0.0,1.0,0.0,0.0,1.0,0.0,0.0,0.0,0.2129,0.12349,0.10043,0.09125,0.09358,0.07434,0.06659,0.0609,0.06873,0.08702,0.0,0.0,0.0,0.8,0.0,0.08137899999999999,0.0,0.0,0.0,0.75,0.08,0.33248,0.0,0.0,0.0,0.5895050000000001,0.28493,0.039905,0.0,0.280962,0.522764,0.522764,0.0,0.0,0.0,0.0,0.0,0.0,0.0,0.19338,0.05199,0.18415,0.0,0.3392,0.07132100000000001,0.0,0.163029,0.326898,0.053294000000000015,0,0,0,0.0,0.410822,0.410955,0,0
7,9,0,4,1,20,4,30,0,0,1,0,0,0,0,1,0,0.0,1.0,0.0,0.0,1.0,0.0,0.0,0.0,0.2129,0.12349,0.10043,0.09125,0.09358,0.07434,0.06659,0.0609,0.06873,0.08702,0.0,0.0,0.0,0.8,0.0,0.0,0.0,0.0,0.0,0.7,0.2,0.8079999999999999,0.0,0.0,0.0,0.572925,0.089889,0.030608,0.0,0.192851,0.183129,0.377388,0.0,0.0,0.0,0.0,0.0,0.0,0.0,0.15617,0.03178,0.11168,0.279881,0.135569,0.028513,0.0,0.130148,0.220345,0.028678,0,0,0,0.0,0.241067,0.274367,0,0
7,9,0,4,1,20,4,30,0,0,0,0,0,0,0,1,0,0.0,1.0,0.0,0.0,1.0,0.0,0.0,0.0,0.2129,0.12349,0.10043,0.09125,0.09358,0.07434,0.06659,0.0609,0.06873,0.08702,0.0,0.0,0.0,0.8,0.0,0.08165,0.0,0.0,0.0,0.68,0.06,0.348,0.0,0.0,0.0,0.457057,0.180702,0.037856,0.0,0.206661,0.15708,0.492744,0.0,0.0,0.0,0.0,0.0,0.0,0.0,0.25054,0.0469,0.30227,0.283273,0.320146,0.097324,0.0,0.201808,0.273599,0.055214,0,0,0,0.0,0.286137,0.32400300000000004,0,0
7,9,0,4,1,20,4,30,0,0,1,0,0,0,0,1,0,0.0,1.0,0.0,0.0,1.0,0.0,0.0,0.0,0.2129,0.12349,0.10043,0.09125,0.09358,0.07434,0.06659,0.0609,0.06873,0.08702,0.0,0.0,0.0,0.8,0.0,0.081111,0.0,0.0,0.209851,0.75,0.08,0.69682,0.353544,0.0,0.0,0.520235,0.391445,0.04669,0.0,0.288882,0.5172869999999999,0.5172869999999999,0.0,0.0,0.0,0.0,0.0,0.0,0.187225,0.2563,0.06175,0.29718,0.038023,0.494015,0.075331,0.0,0.196593,0.254713,0.050075,0,0,0,0.03674,0.420438,0.335388,0,0
7,9,0,4,1,20,4,30,0,0,1,0,0,0,0,1,0,0.0,1.0,0.0,0.0,1.0,0.0,0.0,0.0,0.2129,0.12349,0.10043,0.09125,0.09358,0.07434,0.06659,0.0609,0.06873,0.08702,0.0,0.0,0.0,0.8,0.0,0.085749,0.0,0.0,0.062254,0.61,0.0,0.616,0.386335,0.0,0.0,0.5133979999999999,0.285206,0.042089,0.022824,0.239758,0.13791199999999998,0.33805100000000005,0.0,0.0,0.0,0.0,0.0,0.0,0.247174,0.18375,0.02099,0.08599,0.17968499999999998,0.299452,0.037483,0.0,0.20185,0.257905,0.052058000000000014,0,0,0,0.03674,0.280115,0.4316140000000001,0,0
7,9,0,4,1,20,4,30,0,0,1,0,0,0,0,1,0,0.0,1.0,0.0,0.0,1.0,0.0,0.0,0.0,0.2129,0.12349,0.10043,0.09125,0.09358,0.07434,0.06659,0.0609,0.06873,0.08702,0.0,0.0,0.0,0.8,0.0,0.0,0.0,0.0,0.0,0.8,0.21,0.728,0.0,0.0,0.0,0.668326,0.117571,0.030208,0.0,0.0,0.0,0.0,0.0,0.0,0.0,0.0,0.0,0.0,0.0,0.0,0.0,0.0,0.0,0.20656,0.064457,0.0,0.141693,0.217695,0.030846,0,0,0,0.0,0.251399,0.34108,0,0
7,9,0,4,1,20,4,30,0,0,1,0,0,0,0,1,0,0.0,1.0,0.0,0.0,1.0,0.0,0.0,0.0,0.2129,0.12349,0.10043,0.09125,0.09358,0.07434,0.06659,0.0609,0.06873,0.08702,0.0,0.0,0.0,0.8,0.0,0.0,0.0,0.0,0.0,0.62,0.21,0.5920000000000001,0.0,0.0,0.0,0.548354,0.115071,0.03394,0.0,0.0,0.0,0.0,0.0,0.0,0.0,0.0,0.0,0.0,0.0,0.0,0.0,0.0,0.0,0.17444400000000002,0.057162,0.0,0.112691,0.271404,0.030585,0,0,0,0.0,0.0,0.0,0,0
7,9,0,4,1,20,4,30,0,0,1,0,0,0,0,1,0,0.0,1.0,0.0,0.0,1.0,0.0,0.0,0.0,0.2129,0.12349,0.10043,0.09125,0.09358,0.07434,0.06659,0.0609,0.06873,0.08702,0.0,0.0,0.0,0.8,0.0,0.101015,0.0,0.0,0.082338,0.81,0.13,0.08917,0.0,0.0,0.0,0.613935,0.30593000000000004,0.037032,0.0,0.169641,0.248858,0.313139,0.0,0.0,0.0,0.0,0.0,0.0,0.0,0.19496,0.05483,0.11779,0.30885,0.33193,0.026160000000000003,0.0,0.17718299999999998,0.359495,0.063697,0,0,0,0.0,0.35794000000000004,0.357843,0,0
7,9,0,4,1,20,4,30,0,0,0,0,0,1,0,1,0,0.0,1.0,0.0,0.0,1.0,0.0,0.0,0.0,0.2129,0.12349,0.10043,0.09125,0.09358,0.07434,0.06659,0.0609,0.06873,0.08702,0.0,0.0,0.0,0.8,0.0,0.0,0.0,0.0,0.0,0.74,0.21,0.53333,0.0,0.0,0.0,0.483511,0.137272,0.035453,0.0,0.0,0.0,0.0,0.0,0.0,0.0,0.0,1.0,0.0,0.0,0.0,0.0,0.0,0.0,0.159669,0.066652,0.0,0.13756500000000002,0.258378,0.035544,0,0,0,0.0,0.0,0.0,0,0
7,9,0,4,1,20,4,30,0,0,1,0,0,0,0,1,0,0.0,1.0,0.0,0.0,1.0,0.0,0.0,0.0,0.2129,0.12349,0.10043,0.09125,0.09358,0.07434,0.06659,0.0609,0.06873,0.08702,0.0,0.0,0.0,0.8,0.0,0.0,0.0,0.0,0.0,0.66,0.2,0.66,0.0,0.0,0.0,0.0,0.167638,0.030208,0.0,0.0,0.0,0.0,0.0,0.0,0.0,0.0,0.0,0.0,0.0,0.0,0.0,0.0,0.0,0.5,0.5,0.0,0.0,0.0,0.0,0,0,0,0.0,0.0,0.0,0,0
7,9,0,4,1,20,4,30,0,0,1,0,0,0,0,1,0,0.0,1.0,0.0,0.0,1.0,0.0,0.0,0.0,0.2129,0.12349,0.10043,0.09125,0.09358,0.07434,0.06659,0.0609,0.06873,0.08702,0.0,0.0,0.0,0.8,0.0,0.11077,0.0,0.0,0.20943,0.73,0.5,0.8203799999999999,0.352262,0.0,0.0,0.574815,0.376817,0.045695,0.0,0.0,0.0,0.0,0.0,0.0,0.0,0.0,0.0,0.0,0.198614,0.0,0.0,0.0,0.431179,0.451253,0.082082,0.0,0.203341,0.248459,0.050522,0,0,0,0.03674,0.261807,0.254454,0,0
7,9,0,4,1,20,4,30,0,0,1,0,0,0,0,1,0,0.0,1.0,0.0,0.0,1.0,0.0,0.0,0.0,0.2129,0.12349,0.10043,0.09125,0.09358,0.07434,0.06659,0.0609,0.06873,0.08702,0.0,0.0,0.0,0.8,0.0,0.0,0.0,0.0,0.0,0.66,0.2,0.7120000000000001,0.0,0.0,0.0,0.0,0.159803,0.027331,0.0,0.0,0.0,0.0,0.0,0.0,0.0,0.0,0.0,0.0,0.0,0.19381,0.03822,0.14043,0.0,0.5,0.5,0.0,0.0,0.0,0.0,0,0,0,0.0,0.0,0.0,0,0
7,9,0,4,1,20,4,30,0,0,1,0,0,0,0,1,0,0.0,1.0,0.0,0.0,1.0,0.0,0.0,0.0,0.2129,0.12349,0.10043,0.09125,0.09358,0.07434,0.06659,0.0609,0.06873,0.08702,0.0,0.0,0.0,0.8,0.0,0.085436,0.0,0.0,0.0,0.66,0.2,0.63922,0.0,0.0,0.0,0.559314,0.125905,0.05064,0.0,0.0,0.0,0.0,0.0,0.0,0.0,0.0,0.0,0.0,0.0,0.0,0.0,0.0,0.0,0.331874,0.151885,0.0,0.204745,0.254486,0.052105,0,0,0,0.0,0.0,0.0,0,0
7,9,0,4,1,20,4,30,0,0,1,0,0,0,0,1,0,0.0,1.0,0.0,0.0,1.0,0.0,0.0,0.0,0.2129,0.12349,0.10043,0.09125,0.09358,0.07434,0.06659,0.0609,0.06873,0.08702,0.0,0.0,0.0,0.8,0.0,0.084819,0.0,0.0,0.0,0.68,0.21,0.728,0.0,0.0,0.0,0.537956,0.110954,0.030208,0.0,0.18778,0.149144,0.445704,0.0,0.0,0.0,0.0,0.0,0.0,0.0,0.17944000000000002,0.02791,0.19735,0.0,0.173265,0.038065,0.0,0.135553,0.188234,0.025516,0,0,0,0.0,0.040186,0.215308,0,0
7,9,0,4,1,20,4,30,0,0,0,0,1,0,0,1,0,0.0,1.0,0.0,0.0,1.0,0.0,0.0,0.0,0.2129,0.12349,0.10043,0.09125,0.09358,0.07434,0.06659,0.0609,0.06873,0.08702,0.0,0.0,0.0,0.8,0.0,0.0,0.0,0.0,0.0,0.76,0.11,0.57255,0.0,0.0,0.0,0.493817,0.12768,0.035137,0.0,0.0,0.0,0.0,0.0,0.0,0.0,1.0,0.0,0.0,0.0,0.0,0.0,0.0,0.0,0.162192,0.058578,0.0,0.124319,0.273498,0.034001,0,0,0,0.0,0.0,0.0,0,0
12,9,1,0,0,9,4,25,2,3,1,0,0,0,0,1,0,1.0,0.0,0.0,1.0,0.2,0.4,0.4,0.0,0.1685,0.1078,0.0825,0.0766,0.0809,0.0821,0.091,0.07200000000000001,0.1024,0.1211,0.55269,0.49487,0.56408,1.0,0.0,0.0,0.0,0.0,0.211549,0.68,0.48,0.11929,0.614997,0.0,0.0,0.0,0.337517,0.035897000000000005,0.0,0.0,0.0,0.0,0.0,0.0,0.0,0.0,0.0,0.0,0.0,0.0,0.0,0.0,0.0,0.241726,0.375768,0.0825,0.0,0.0,0.0,0,0,0,0.0,0.0,0.0,0,0
12,9,1,0,0,9,4,25,2,3,1,0,0,0,1,1,0,1.0,0.0,0.0,1.0,0.2,0.4,0.4,0.0,0.1685,0.1078,0.0825,0.0766,0.0809,0.0821,0.091,0.07200000000000001,0.1024,0.1211,0.55269,0.49487,0.56408,1.0,0.0,0.083333,0.0,0.0,0.055262,0.67,0.46,0.72497,0.0,0.140871,0.003745000000000001,0.4381640000000001,0.348154,0.049269,0.022775,0.0,0.0,0.0,0.0,0.0,0.0,0.0,0.0,0.0,0.222465,0.0,0.0,0.0,0.950306,0.383296,0.5611649999999999,0.0825,0.251705,0.487077,0.1226,0,0,0,0.03674,0.263416,0.320712,0,0
12,9,1,0,0,9,4,25,2,3,1,0,1,1,0,1,0,1.0,0.0,0.0,1.0,0.2,0.4,0.4,0.0,0.1685,0.1078,0.0825,0.0766,0.0809,0.0821,0.091,0.07200000000000001,0.1024,0.1211,0.55269,0.49487,0.56408,1.0,0.0,0.0,0.0,0.0,0.0,0.59,0.27,0.90642,0.0,0.0,0.0,0.0,0.142369,0.041992,0.0,0.0,0.0,0.0,0.0,0.0,0.0,1.0,1.0,0.0,0.0,0.0,0.0,0.0,0.0,0.5,0.5,0.0821,0.0,0.0,0.0,0,0,0,0.0,0.0,0.0,0,0
12,9,1,0,0,9,4,25,2,3,1,0,1,1,0,1,0,1.0,0.0,0.0,1.0,0.2,0.4,0.4,0.0,0.1685,0.1078,0.0825,0.0766,0.0809,0.0821,0.091,0.07200000000000001,0.1024,0.1211,0.55269,0.49487,0.56408,1.0,0.0,0.0,0.0,0.0,0.0,0.59,0.27,0.80452,0.0,0.0,0.0,0.0,0.142716,0.034917000000000004,0.0,0.0,0.0,0.0,0.0,0.0,0.0,1.0,1.0,0.0,0.0,0.0,0.0,0.0,0.0,0.5,0.5,0.0766,0.0,0.0,0.0,0,0,0,0.0,0.0,0.0,0,0
12,9,1,0,0,9,4,25,2,3,1,0,1,1,0,1,0,1.0,0.0,0.0,1.0,0.2,0.4,0.4,0.0,0.1685,0.1078,0.0825,0.0766,0.0809,0.0821,0.091,0.07200000000000001,0.1024,0.1211,0.55269,0.49487,0.56408,1.0,0.0,0.0,0.0,0.0,0.0,0.59,0.42,0.95447,0.0,0.0,0.0,0.0,0.140515,0.0,0.0,0.0,0.0,0.0,0.0,0.0,0.0,1.0,1.0,0.0,0.0,0.0,0.0,0.0,0.0,0.5,0.5,0.091,0.0,0.0,0.0,0,0,0,0.0,0.0,0.0,0,0
12,9,1,0,0,9,4,25,2,3,1,0,0,0,0,1,0,1.0,0.0,0.0,1.0,0.2,0.4,0.4,0.0,0.1685,0.1078,0.0825,0.0766,0.0809,0.0821,0.091,0.07200000000000001,0.1024,0.1211,0.55269,0.49487,0.56408,1.0,0.0,0.0,0.0,0.0,0.04302,0.66,0.19,0.05465,0.609632,0.0,0.0,0.452313,0.34425100000000003,0.036798,0.0,0.0,0.0,0.0,0.0,0.0,0.0,0.0,0.0,0.0,0.0,0.0,0.0,0.0,0.0,0.272204,0.481029,0.1685,0.193848,0.525574,0.101881,0,0,0,0.0,0.0,0.0,0,0
12,9,1,0,0,9,4,25,2,3,1,0,0,0,0,1,0,1.0,0.0,0.0,1.0,0.2,0.4,0.4,0.0,0.1685,0.1078,0.0825,0.0766,0.0809,0.0821,0.091,0.07200000000000001,0.1024,0.1211,0.55269,0.49487,0.56408,1.0,0.0,0.0,0.0,0.0,0.0,0.68,0.43,0.63805,0.5694520000000001,0.0,0.0,0.534737,0.257664,0.052902,0.0,0.0,0.0,0.0,0.0,0.0,0.0,0.0,0.0,0.0,0.216092,0.0,0.0,0.0,0.0,0.5,0.5,0.0825,0.0,0.0,0.0,0,0,0,0.07347999999999999,0.0,0.0,0,0
12,9,1,0,0,9,4,25,2,3,1,0,0,0,0,1,0,1.0,0.0,0.0,1.0,0.2,0.4,0.4,0.0,0.1685,0.1078,0.0825,0.0766,0.0809,0.0821,0.091,0.07200000000000001,0.1024,0.1211,0.55269,0.49487,0.56408,1.0,0.0,0.0,0.0,0.0,0.106723,0.66,0.41,0.31487,0.648355,0.069779,0.00867,0.599851,0.345661,0.042122,0.022775,0.0,0.0,0.0,0.0,0.0,0.0,0.0,0.0,0.0,0.164444,0.0,0.0,0.0,0.0,0.363821,0.47173,0.0766,0.243432,0.4578680000000001,0.11146,0,0,0,0.03674,0.0,0.0,0,0
12,9,1,0,0,9,4,25,2,3,1,0,1,1,0,1,0,1.0,0.0,0.0,1.0,0.2,0.4,0.4,0.0,0.1685,0.1078,0.0825,0.0766,0.0809,0.0821,0.091,0.07200000000000001,0.1024,0.1211,0.55269,0.49487,0.56408,1.0,0.0,0.0,0.0,0.0,0.0,0.52,0.39,0.88215,0.0,0.0,0.0,0.0,0.143299,0.0,0.0,0.0,0.0,0.0,0.0,0.0,0.0,1.0,1.0,0.0,0.0,0.0,0.0,0.0,0.0,0.5,0.5,0.0809,0.0,0.0,0.0,0,0,0,0.0,0.0,0.0,0,0
12,9,1,0,0,9,4,25,2,3,1,0,0,0,0,1,0,1.0,0.0,0.0,1.0,0.2,0.4,0.4,0.0,0.1685,0.1078,0.0825,0.0766,0.0809,0.0821,0.091,0.07200000000000001,0.1024,0.1211,0.55269,0.49487,0.56408,1.0,0.0,0.0,0.0,0.0,0.0,0.56,0.36,0.7772899999999999,0.0,0.0,0.0,0.564423,0.154685,0.034565,0.0,0.0,0.0,0.0,0.0,0.0,0.0,0.0,0.0,0.0,0.0,0.0,0.0,0.0,0.0,0.5,0.5,0.0825,0.210182,0.475522,0.099946,0,0,0,0.0,0.0,0.0,0,0
12,9,1,0,0,9,4,25,2,3,0,1,0,0,0,1,0,1.0,0.0,0.0,1.0,0.2,0.4,0.4,0.0,0.1685,0.1078,0.0825,0.0766,0.0809,0.0821,0.091,0.07200000000000001,0.1024,0.1211,0.55269,0.49487,0.56408,1.0,0.0,0.0,0.0,0.0,0.0,0.57,0.41,0.98232,0.0,0.026415,0.0,0.527414,0.3681,0.039377,0.0,0.0,0.0,0.0,0.225,0.0,0.0,1.0,0.0,0.0,0.0,0.0,0.0,0.0,0.0,0.35099,0.750434,0.1024,0.249735,0.4491350000000001,0.112165,0,0,0,0.0,0.0,0.0,0,0
12,9,1,0,0,9,4,25,2,3,1,0,0,0,1,1,0,1.0,0.0,0.0,1.0,0.2,0.4,0.4,0.0,0.1685,0.1078,0.0825,0.0766,0.0809,0.0821,0.091,0.07200000000000001,0.1024,0.1211,0.55269,0.49487,0.56408,1.0,0.0,0.0,0.0,0.0,0.054001,0.7,0.46,0.70987,0.574896,0.0,0.0,0.4687,0.271577,0.036987,0.0,0.0,0.0,0.0,0.0,0.0,0.0,0.0,0.0,0.0,0.0,0.0,0.0,0.0,0.0,0.28297100000000003,0.23973000000000005,0.0766,0.204931,0.449637,0.092144,0,0,0,0.0,0.0,0.0,0,0
12,9,1,0,0,9,4,25,2,3,1,0,1,1,1,1,0,1.0,0.0,0.0,1.0,0.2,0.4,0.4,0.0,0.1685,0.1078,0.0825,0.0766,0.0809,0.0821,0.091,0.07200000000000001,0.1024,0.1211,0.55269,0.49487,0.56408,1.0,0.0,0.0,0.0,0.0,0.0,0.75,0.36,0.92438,0.0,0.0,0.0,0.0,0.167553,0.0,0.0,0.0,0.0,0.0,0.0,0.0,0.0,1.0,1.0,0.0,0.0,0.0,0.0,0.0,0.0,0.5,0.5,0.0821,0.0,0.0,0.0,0,0,0,0.0,0.0,0.0,0,0
12,9,1,0,0,9,4,25,2,3,1,0,0,0,1,1,0,1.0,0.0,0.0,1.0,0.2,0.4,0.4,0.0,0.1685,0.1078,0.0825,0.0766,0.0809,0.0821,0.091,0.07200000000000001,0.1024,0.1211,0.55269,0.49487,0.56408,1.0,0.0,0.0,0.0,0.0,0.069476,0.68,0.44,0.39645,0.720213,0.0,0.0,0.56291,0.344443,0.037386,0.022906,0.164195,0.906164,0.906164,0.0,0.0,0.0,0.0,0.0,0.0,0.0,0.17079,0.02796,0.42414,0.0,0.217117,0.4233810000000001,0.0825,0.250182,0.547724,0.137031,0,0,0,0.0,0.253298,0.342223,0,0
12,9,1,0,0,9,4,25,2,3,1,0,1,1,0,1,0,1.0,0.0,0.0,1.0,0.2,0.4,0.4,0.0,0.1685,0.1078,0.0825,0.0766,0.0809,0.0821,0.091,0.07200000000000001,0.1024,0.1211,0.55269,0.49487,0.56408,1.0,0.0,0.0,0.0,0.0,0.0,0.59,0.27,0.7213,0.0,0.0,0.0,0.0,0.14537,0.032107,0.0,0.0,0.0,0.0,0.0,0.0,0.0,1.0,1.0,0.0,0.0,0.0,0.0,0.0,0.0,0.5,0.5,0.0825,0.0,0.0,0.0,0,0,0,0.0,0.0,0.0,0,0
12,9,1,0,0,9,4,25,2,3,1,0,0,0,0,1,0,1.0,0.0,0.0,1.0,0.2,0.4,0.4,0.0,0.1685,0.1078,0.0825,0.0766,0.0809,0.0821,0.091,0.07200000000000001,0.1024,0.1211,0.55269,0.49487,0.56408,1.0,0.0,0.0,0.0,0.0,0.107946,0.68,0.4,0.26413000000000003,0.6199479999999999,0.0,0.0,0.36095,0.35679,0.036405,0.0,0.0,0.0,0.0,0.0,0.0,0.0,0.0,0.0,0.0,0.157781,0.0,0.0,0.0,0.0,0.347556,0.507142,0.1078,0.0,0.0,0.0,0,0,0,0.03674,0.0,0.0,0,0
12,9,1,0,0,9,4,25,2,3,1,0,1,1,0,1,0,1.0,0.0,0.0,1.0,0.2,0.4,0.4,0.0,0.1685,0.1078,0.0825,0.0766,0.0809,0.0821,0.091,0.07200000000000001,0.1024,0.1211,0.55269,0.49487,0.56408,1.0,0.0,0.0,0.0,0.0,0.0,0.63,0.43,0.8720700000000001,0.0,0.0,0.0,0.0,0.144226,0.032349,0.0,0.0,0.0,0.0,0.0,0.0,0.0,1.0,1.0,0.0,0.0,0.0,0.0,0.0,0.0,0.5,0.5,0.0809,0.0,0.0,0.0,0,0,0,0.0,0.0,0.0,0,0
12,9,1,0,0,9,4,25,2,3,1,0,1,1,1,1,0,1.0,0.0,0.0,1.0,0.2,0.4,0.4,0.0,0.1685,0.1078,0.0825,0.0766,0.0809,0.0821,0.091,0.07200000000000001,0.1024,0.1211,0.55269,0.49487,0.56408,1.0,0.0,0.0,0.0,0.0,0.086988,0.69,0.46,0.18212,0.465456,0.028039,0.0,0.6386,0.326068,0.05091,0.0,0.0,0.0,0.0,0.0,0.0,0.0,1.0,1.0,0.0,0.150174,0.0,0.0,0.0,0.0,0.344878,0.434307,0.1078,0.280123,0.519538,0.145535,0,0,0,0.03674,0.0,0.0,0,0
12,9,1,0,0,9,4,25,2,3,1,0,1,1,1,1,0,1.0,0.0,0.0,1.0,0.2,0.4,0.4,0.0,0.1685,0.1078,0.0825,0.0766,0.0809,0.0821,0.091,0.07200000000000001,0.1024,0.1211,0.55269,0.49487,0.56408,1.0,0.0,0.0,0.0,0.0,0.03389,0.75,0.21,0.25279,0.61692,0.0,0.0,0.373715,0.32920900000000003,0.038969,0.0,0.0,0.0,0.0,0.0,0.0,0.0,1.0,1.0,0.0,0.156791,0.0,0.0,0.0,0.0,0.220454,0.220408,0.1078,0.248238,0.535652,0.132969,0,0,0,0.03674,0.0,0.0,0,0
12,9,1,0,0,9,4,25,2,3,1,0,0,0,0,1,0,1.0,0.0,0.0,1.0,0.2,0.4,0.4,0.0,0.1685,0.1078,0.0825,0.0766,0.0809,0.0821,0.091,0.07200000000000001,0.1024,0.1211,0.55269,0.49487,0.56408,1.0,0.0,0.0,0.0,0.0,0.095561,0.68,0.43,0.13265,0.0,0.0,0.0,0.0,0.324588,0.040223,0.0,0.0,0.0,0.0,0.0,0.0,0.0,0.0,0.0,0.0,0.0,0.0,0.0,0.0,0.0,0.5,0.5,0.0766,0.0,0.0,0.0,0,0,0,0.0,0.0,0.0,0,0
13,9,0,0,0,9,3,49,0,2,1,0,1,1,0,0,0,1.0,0.0,0.0,1.0,1.0,0.333333,0.166667,0.0,0.0925,0.13434,0.13086,0.10594,0.1238,0.07934,0.06164,0.0952,0.07334,0.08796,0.28006,0.0,0.0,0.0,0.0,0.0,0.0,0.0,0.247814,0.5,0.59,0.3571,0.600755,0.048978,0.081227,0.599586,0.394579,0.060243,0.022775,0.4139560000000001,0.497858,0.497858,0.0,0.008695999999999999,0.023452,1.0,1.0,0.2,0.697261,0.41219,0.08856,0.5841,0.10644,0.504822,0.144913,0.1058,0.288123,0.538798,0.15524000000000002,0,0,0,0.66978,0.0,0.0,0,0
13,9,0,0,0,9,3,49,0,2,1,1,1,1,0,0,0,1.0,0.0,0.0,1.0,1.0,0.333333,0.166667,0.0,0.0925,0.13434,0.13086,0.10594,0.1238,0.07934,0.06164,0.0952,0.07334,0.08796,0.28006,0.0,0.0,0.0,0.0,0.209546,0.188177,0.432738,0.8810600000000001,0.5,0.49,0.09639,0.585209,0.138177,0.371218,0.6871229999999999,0.655405,0.226384,0.023019,0.0,0.0,0.0,0.0,0.01087,0.0,1.0,1.0,0.25,0.869246,0.0,0.0,0.0,0.585712,0.617283,0.345889,0.156,0.263467,0.516046,0.135961,0,0,0,1.0,0.0,0.0,0,0
